DRUG_CODE;Cattle4;Poultry5;SmallRum;FoodAnim13;SmallAnim;Others14;FoodAnimCL1;GoatRab;TLIS;
182;NA;NA;NA;NA;NA;NA;NA;NA;NA;
852;NA;NA;NA;NA;NA;NA;NA;NA;NA;
74052;NA;NA;NA;NA;NA;NA;NA;NA;NA;
74132;NA;NA;NA;NA;NA;NA;NA;NA;NA;
71582;NA;NA;NA;NA;NA;NA;NA;NA;NA;
71583;NA;NA;NA;NA;NA;NA;NA;NA;NA;
71584;NA;NA;NA;NA;NA;NA;NA;NA;NA;
88801;NA;NA;NA;NA;NA;NA;NA;NA;NA;
3078;NA;NA;NA;NA;NA;NA;NA;NA;NA;
16524;NA;NA;NA;NA;NA;NA;NA;NA;NA;
51023;NA;NA;NA;NA;NA;NA;NA;NA;NA;
951;NA;NA;NA;NA;NA;NA;NA;NA;NA;
96864;NA;NA;NA;NA;NA;NA;NA;NA;NA;
96865;NA;NA;NA;NA;NA;NA;NA;NA;NA;
97120;NA;NA;NA;NA;NA;NA;NA;NA;NA;
97121;NA;NA;NA;NA;NA;NA;NA;NA;NA;
96665;NA;NA;NA;NA;NA;NA;NA;NA;NA;
96666;NA;NA;NA;NA;NA;NA;NA;NA;NA;
96667;NA;NA;NA;NA;NA;NA;NA;NA;NA;
97536;NA;NA;NA;NA;NA;NA;NA;NA;NA;
97537;NA;NA;NA;NA;NA;NA;NA;NA;NA;
87061;NA;NA;NA;NA;NA;NA;NA;NA;NA;
5541;NA;NA;NA;NA;NA;NA;NA;NA;NA;
18624;NA;NA;NA;NA;NA;NA;NA;NA;NA;
18625;NA;NA;NA;NA;NA;NA;NA;NA;NA;
6251;NA;NA;NA;NA;NA;NA;NA;NA;NA;
97689;NA;NA;NA;NA;NA;NA;NA;NA;NA;
66810;NA;NA;NA;NA;NA;NA;NA;NA;NA;
97163;NA;NA;NA;NA;NA;NA;NA;NA;NA;
2655;NA;NA;NA;NA;NA;NA;NA;NA;NA;
630;NA;NA;NA;NA;NA;NA;NA;NA;NA;
11854;NA;NA;NA;NA;NA;NA;NA;NA;NA;
11853;NA;NA;NA;NA;NA;NA;NA;NA;NA;
11856;NA;NA;NA;NA;NA;NA;NA;NA;NA;
11855;NA;NA;NA;NA;NA;NA;NA;NA;NA;
81188;NA;NA;NA;NA;NA;NA;NA;NA;NA;
81189;NA;NA;NA;NA;NA;NA;NA;NA;NA;
60472;NA;NA;NA;NA;NA;NA;NA;NA;NA;
83797;NA;NA;NA;NA;NA;NA;NA;NA;NA;
83798;NA;NA;NA;NA;NA;NA;NA;NA;NA;
83799;NA;NA;NA;NA;NA;NA;NA;NA;NA;
83800;NA;NA;NA;NA;NA;NA;NA;NA;NA;
83801;NA;NA;NA;NA;NA;NA;NA;NA;NA;
83802;NA;NA;NA;NA;NA;NA;NA;NA;NA;
83803;NA;NA;NA;NA;NA;NA;NA;NA;NA;
88639;NA;NA;NA;NA;NA;NA;NA;NA;NA;
88640;NA;NA;NA;NA;NA;NA;NA;NA;NA;
88644;NA;NA;NA;NA;NA;NA;NA;NA;NA;
91901;NA;NA;NA;NA;NA;NA;NA;NA;NA;
91902;NA;NA;NA;NA;NA;NA;NA;NA;NA;
65492;NA;NA;NA;NA;NA;NA;NA;NA;NA;
65493;NA;NA;NA;NA;NA;NA;NA;NA;NA;
80506;NA;NA;NA;NA;NA;NA;NA;NA;NA;
80507;NA;NA;NA;NA;NA;NA;NA;NA;NA;
67107;NA;NA;NA;NA;NA;NA;NA;NA;NA;
67108;NA;NA;NA;NA;NA;NA;NA;NA;NA;
88643;NA;NA;NA;NA;NA;NA;NA;NA;NA;
98581;NA;NA;NA;NA;NA;NA;NA;NA;NA;
98582;NA;NA;NA;NA;NA;NA;NA;NA;NA;
98583;NA;NA;NA;NA;NA;NA;NA;NA;NA;
88645;NA;NA;NA;NA;NA;NA;NA;NA;NA;
88646;NA;NA;NA;NA;NA;NA;NA;NA;NA;
1844;NA;NA;NA;NA;NA;NA;NA;NA;NA;
1843;NA;NA;NA;NA;NA;NA;NA;NA;NA;
1845;NA;NA;NA;NA;NA;NA;NA;NA;NA;
2177;NA;NA;NA;NA;NA;NA;NA;NA;NA;
10888;NA;NA;NA;NA;NA;NA;NA;NA;NA;
7628;NA;NA;NA;NA;NA;NA;NA;NA;NA;
26905;NA;NA;NA;NA;NA;NA;NA;NA;NA;
16960;NA;NA;NA;NA;NA;NA;NA;NA;NA;
16963;NA;NA;NA;NA;NA;NA;NA;NA;NA;
19629;NA;NA;NA;NA;NA;NA;NA;NA;NA;
19546;NA;NA;NA;NA;NA;NA;NA;NA;NA;
17096;NA;NA;NA;NA;NA;NA;NA;NA;NA;
16964;NA;NA;NA;NA;NA;NA;NA;NA;NA;
37495;NA;NA;NA;NA;NA;NA;NA;NA;NA;
37491;NA;NA;NA;NA;NA;NA;NA;NA;NA;
37492;NA;NA;NA;NA;NA;NA;NA;NA;NA;
37493;NA;NA;NA;NA;NA;NA;NA;NA;NA;
37494;NA;NA;NA;NA;NA;NA;NA;NA;NA;
92610;NA;NA;NA;NA;NA;NA;NA;NA;NA;
92611;NA;NA;NA;NA;NA;NA;NA;NA;NA;
92612;NA;NA;NA;NA;NA;NA;NA;NA;NA;
92613;NA;NA;NA;NA;NA;NA;NA;NA;NA;
92614;NA;NA;NA;NA;NA;NA;NA;NA;NA;
95004;NA;NA;NA;NA;NA;NA;NA;NA;NA;
95005;NA;NA;NA;NA;NA;NA;NA;NA;NA;
95006;NA;NA;NA;NA;NA;NA;NA;NA;NA;
95007;NA;NA;NA;NA;NA;NA;NA;NA;NA;
93032;NA;NA;NA;NA;NA;NA;NA;NA;NA;
93033;NA;NA;NA;NA;NA;NA;NA;NA;NA;
93034;NA;NA;NA;NA;NA;NA;NA;NA;NA;
93035;NA;NA;NA;NA;NA;NA;NA;NA;NA;
12261;NA;NA;NA;NA;NA;NA;NA;NA;NA;
12262;NA;NA;NA;NA;NA;NA;NA;NA;NA;
12267;NA;NA;NA;NA;NA;NA;NA;NA;NA;
12268;NA;NA;NA;NA;NA;NA;NA;NA;NA;
939;NA;NA;NA;NA;NA;NA;NA;NA;NA;
5810;NA;NA;NA;NA;NA;NA;NA;NA;NA;
895;NA;NA;NA;NA;NA;NA;NA;NA;NA;
903;NA;NA;NA;NA;NA;NA;NA;NA;NA;
894;NA;NA;NA;NA;NA;NA;NA;NA;NA;
12914;NA;NA;NA;NA;NA;NA;NA;NA;NA;
12913;NA;NA;NA;NA;NA;NA;NA;NA;NA;
15206;NA;NA;NA;NA;NA;NA;NA;NA;NA;
13376;NA;NA;NA;NA;NA;NA;NA;NA;NA;
33421;NA;NA;NA;NA;NA;NA;NA;NA;NA;
79738;NA;NA;NA;NA;NA;NA;NA;NA;NA;
85715;NA;NA;NA;NA;NA;NA;NA;NA;NA;
80057;NA;NA;NA;NA;NA;NA;NA;NA;NA;
80348;NA;NA;NA;NA;NA;NA;NA;NA;NA;
80335;NA;NA;NA;NA;NA;NA;NA;NA;NA;
85717;NA;NA;NA;NA;NA;NA;NA;NA;NA;
86278;NA;NA;NA;NA;NA;NA;NA;NA;NA;
94456;NA;NA;NA;NA;NA;NA;NA;NA;NA;
94586;NA;NA;NA;NA;NA;NA;NA;NA;NA;
94587;NA;NA;NA;NA;NA;NA;NA;NA;NA;
15827;NA;NA;NA;NA;NA;NA;NA;NA;NA;
13961;NA;NA;NA;NA;NA;NA;NA;NA;NA;
18710;NA;NA;NA;NA;NA;NA;NA;NA;NA;
20294;NA;NA;NA;NA;NA;NA;NA;NA;NA;
42503;NA;NA;NA;NA;NA;NA;NA;NA;NA;
48432;NA;NA;NA;NA;NA;NA;NA;NA;NA;
76903;NA;NA;NA;NA;NA;NA;NA;NA;NA;
77712;NA;NA;NA;NA;NA;NA;NA;NA;NA;
78976;NA;NA;NA;NA;NA;NA;NA;NA;NA;
85716;NA;NA;NA;NA;NA;NA;NA;NA;NA;
48982;NA;NA;NA;NA;NA;NA;NA;NA;NA;
78974;NA;NA;NA;NA;NA;NA;NA;NA;NA;
13192;NA;NA;NA;NA;NA;NA;NA;NA;NA;
5595;NA;NA;NA;NA;NA;NA;NA;NA;NA;
5596;NA;NA;NA;NA;NA;NA;NA;NA;NA;
5827;NA;NA;NA;NA;NA;NA;NA;NA;NA;
5828;NA;NA;NA;NA;NA;NA;NA;NA;NA;
5674;NA;NA;NA;NA;NA;NA;NA;NA;NA;
5673;NA;NA;NA;NA;NA;NA;NA;NA;NA;
6424;NA;NA;NA;NA;NA;NA;NA;NA;NA;
6422;NA;NA;NA;NA;NA;NA;NA;NA;NA;
6423;NA;NA;NA;NA;NA;NA;NA;NA;NA;
2888;NA;NA;NA;NA;NA;NA;NA;NA;NA;
2591;NA;NA;NA;NA;NA;NA;NA;NA;NA;
5733;NA;NA;NA;NA;NA;NA;NA;NA;NA;
5822;NA;NA;NA;NA;NA;NA;NA;NA;NA;
5823;NA;NA;NA;NA;NA;NA;NA;NA;NA;
5824;NA;NA;NA;NA;NA;NA;NA;NA;NA;
5825;NA;NA;NA;NA;NA;NA;NA;NA;NA;
67257;NA;NA;NA;NA;NA;NA;NA;NA;NA;
67258;NA;NA;NA;NA;NA;NA;NA;NA;NA;
69723;NA;NA;NA;NA;NA;NA;NA;NA;NA;
77397;NA;NA;NA;NA;NA;NA;NA;NA;NA;
67930;NA;NA;NA;NA;NA;NA;NA;NA;NA;
67931;NA;NA;NA;NA;NA;NA;NA;NA;NA;
50155;NA;NA;NA;NA;NA;NA;NA;NA;NA;
50157;NA;NA;NA;NA;NA;NA;NA;NA;NA;
71669;NA;NA;NA;NA;NA;NA;NA;NA;NA;
90013;NA;NA;NA;NA;NA;NA;NA;NA;NA;
48998;NA;NA;NA;NA;NA;NA;NA;NA;NA;
48999;NA;NA;NA;NA;NA;NA;NA;NA;NA;
60834;NA;NA;NA;NA;NA;NA;NA;NA;NA;
60835;NA;NA;NA;NA;NA;NA;NA;NA;NA;
60836;NA;NA;NA;NA;NA;NA;NA;NA;NA;
64363;NA;NA;NA;NA;NA;NA;NA;NA;NA;
95586;NA;NA;NA;NA;NA;NA;NA;NA;NA;
95587;NA;NA;NA;NA;NA;NA;NA;NA;NA;
77836;NA;NA;NA;NA;NA;NA;NA;NA;NA;
77837;NA;NA;NA;NA;NA;NA;NA;NA;NA;
77932;NA;NA;NA;NA;NA;NA;NA;NA;NA;
77933;NA;NA;NA;NA;NA;NA;NA;NA;NA;
68362;NA;NA;NA;NA;NA;NA;NA;NA;NA;
68363;NA;NA;NA;NA;NA;NA;NA;NA;NA;
9170;NA;NA;NA;NA;NA;NA;NA;NA;NA;
9171;NA;NA;NA;NA;NA;NA;NA;NA;NA;
47426;NA;NA;NA;NA;NA;NA;NA;NA;NA;
47427;NA;NA;NA;NA;NA;NA;NA;NA;NA;
47428;NA;NA;NA;NA;NA;NA;NA;NA;NA;
74854;NA;NA;NA;NA;NA;NA;NA;NA;NA;
76021;NA;NA;NA;NA;NA;NA;NA;NA;NA;
76022;NA;NA;NA;NA;NA;NA;NA;NA;NA;
89802;NA;NA;NA;NA;NA;NA;NA;NA;NA;
69247;NA;NA;NA;NA;NA;NA;NA;NA;NA;
69248;NA;NA;NA;NA;NA;NA;NA;NA;NA;
7627;NA;NA;NA;NA;NA;NA;NA;NA;NA;
10383;NA;NA;NA;NA;NA;NA;NA;NA;NA;
81256;NA;NA;NA;NA;NA;NA;NA;NA;NA;
95983;NA;NA;NA;NA;NA;NA;NA;NA;NA;
72917;NA;NA;NA;NA;NA;NA;NA;NA;NA;
89117;NA;NA;NA;NA;NA;NA;NA;NA;NA;
89118;NA;NA;NA;NA;NA;NA;NA;NA;NA;
10535;NA;NA;NA;NA;NA;NA;NA;NA;NA;
69799;NA;NA;NA;NA;NA;NA;NA;NA;NA;
76380;NA;NA;NA;NA;NA;NA;NA;NA;NA;
98632;NA;NA;NA;NA;NA;NA;NA;NA;NA;
98633;NA;NA;NA;NA;NA;NA;NA;NA;NA;
66197;NA;NA;NA;NA;NA;NA;NA;NA;NA;
34552;NA;NA;NA;NA;NA;NA;NA;NA;NA;
913;NA;NA;NA;NA;NA;NA;NA;NA;NA;
499;NA;NA;NA;NA;NA;NA;NA;NA;NA;
87364;NA;NA;NA;NA;NA;NA;NA;NA;NA;
87365;NA;NA;NA;NA;NA;NA;NA;NA;NA;
94573;NA;NA;NA;NA;NA;NA;NA;NA;NA;
94574;NA;NA;NA;NA;NA;NA;NA;NA;NA;
96090;NA;NA;NA;NA;NA;NA;NA;NA;NA;
96091;NA;NA;NA;NA;NA;NA;NA;NA;NA;
96092;NA;NA;NA;NA;NA;NA;NA;NA;NA;
97283;NA;NA;NA;NA;NA;NA;NA;NA;NA;
97284;NA;NA;NA;NA;NA;NA;NA;NA;NA;
91720;NA;NA;NA;NA;NA;NA;NA;NA;NA;
95716;NA;NA;NA;NA;NA;NA;NA;NA;NA;
83265;NA;NA;NA;NA;NA;NA;NA;NA;NA;
83266;NA;NA;NA;NA;NA;NA;NA;NA;NA;
83267;NA;NA;NA;NA;NA;NA;NA;NA;NA;
83268;NA;NA;NA;NA;NA;NA;NA;NA;NA;
83030;NA;NA;NA;NA;NA;NA;NA;NA;NA;
83031;NA;NA;NA;NA;NA;NA;NA;NA;NA;
95956;NA;NA;NA;NA;NA;NA;NA;NA;NA;
95957;NA;NA;NA;NA;NA;NA;NA;NA;NA;
98755;NA;NA;NA;NA;NA;NA;NA;NA;NA;
98756;NA;NA;NA;NA;NA;NA;NA;NA;NA;
86775;NA;NA;NA;NA;NA;NA;NA;NA;NA;
86776;NA;NA;NA;NA;NA;NA;NA;NA;NA;
86777;NA;NA;NA;NA;NA;NA;NA;NA;NA;
92122;NA;NA;NA;NA;NA;NA;NA;NA;NA;
92123;NA;NA;NA;NA;NA;NA;NA;NA;NA;
95926;NA;NA;NA;NA;NA;NA;NA;NA;NA;
95474;NA;NA;NA;NA;NA;NA;NA;NA;NA;
84836;NA;NA;NA;NA;NA;NA;NA;NA;NA;
84837;NA;NA;NA;NA;NA;NA;NA;NA;NA;
84838;NA;NA;NA;NA;NA;NA;NA;NA;NA;
84783;NA;NA;NA;NA;NA;NA;NA;NA;NA;
84784;NA;NA;NA;NA;NA;NA;NA;NA;NA;
84785;NA;NA;NA;NA;NA;NA;NA;NA;NA;
84786;NA;NA;NA;NA;NA;NA;NA;NA;NA;
85123;NA;NA;NA;NA;NA;NA;NA;NA;NA;
85124;NA;NA;NA;NA;NA;NA;NA;NA;NA;
84960;NA;NA;NA;NA;NA;NA;NA;NA;NA;
84961;NA;NA;NA;NA;NA;NA;NA;NA;NA;
84856;NA;NA;NA;NA;NA;NA;NA;NA;NA;
19002;NA;NA;NA;NA;NA;NA;NA;NA;NA;
81;NA;NA;NA;NA;NA;NA;NA;NA;NA;NA;
80706;NA;NA;NA;NA;NA;NA;NA;NA;NA;
83092;NA;NA;NA;NA;NA;NA;NA;NA;NA;
75984;NA;NA;NA;NA;NA;NA;NA;NA;NA;
75985;NA;NA;NA;NA;NA;NA;NA;NA;NA;
81664;NA;NA;NA;NA;NA;NA;NA;NA;NA;
81666;NA;NA;NA;NA;NA;NA;NA;NA;NA;
82755;NA;NA;NA;NA;NA;NA;NA;NA;NA;
82756;NA;NA;NA;NA;NA;NA;NA;NA;NA;
82881;NA;NA;NA;NA;NA;NA;NA;NA;NA;
82882;NA;NA;NA;NA;NA;NA;NA;NA;NA;
90295;NA;NA;NA;NA;NA;NA;NA;NA;NA;
90296;NA;NA;NA;NA;NA;NA;NA;NA;NA;
92678;NA;NA;NA;NA;NA;NA;NA;NA;NA;
96816;NA;NA;NA;NA;NA;NA;NA;NA;NA;
96817;NA;NA;NA;NA;NA;NA;NA;NA;NA;
78290;NA;NA;NA;NA;NA;NA;NA;NA;NA;
85381;NA;NA;NA;NA;NA;NA;NA;NA;NA;
97419;NA;NA;NA;NA;NA;NA;NA;NA;NA;
82047;NA;NA;NA;NA;NA;NA;NA;NA;NA;
82059;NA;NA;NA;NA;NA;NA;NA;NA;NA;
87110;NA;NA;NA;NA;NA;NA;NA;NA;NA;
95383;NA;NA;NA;NA;NA;NA;NA;NA;NA;
48409;NA;NA;NA;NA;NA;NA;NA;NA;NA;
18291;NA;NA;NA;NA;NA;NA;NA;NA;NA;
434;NA;NA;NA;NA;NA;NA;NA;NA;NA;
2223;NA;NA;NA;NA;NA;NA;NA;NA;NA;
15787;NA;NA;NA;NA;NA;NA;NA;NA;NA;
69667;NA;NA;NA;NA;NA;NA;NA;NA;NA;
20131;NA;NA;NA;NA;NA;NA;NA;NA;NA;
5863;NA;NA;NA;NA;NA;NA;NA;NA;NA;
85415;NA;NA;NA;NA;NA;NA;NA;NA;NA;
74101;NA;NA;NA;NA;NA;NA;NA;NA;NA;
98112;NA;NA;NA;NA;NA;NA;NA;NA;NA;
93727;NA;NA;NA;NA;NA;NA;NA;NA;NA;
27513;NA;NA;NA;NA;NA;NA;NA;NA;NA;
165;NA;NA;NA;NA;NA;NA;NA;NA;NA;
431;NA;NA;NA;NA;NA;NA;NA;NA;NA;
85960;NA;NA;NA;NA;NA;NA;NA;NA;NA;
97229;NA;NA;NA;NA;NA;NA;NA;NA;NA;
81918;NA;NA;NA;NA;NA;NA;NA;NA;NA;
2559;NA;NA;NA;NA;NA;NA;NA;NA;NA;
4607;NA;NA;NA;NA;NA;NA;NA;NA;NA;
1721;NA;NA;NA;NA;NA;NA;NA;NA;NA;
1804;NA;NA;NA;NA;NA;NA;NA;NA;NA;
15207;NA;NA;NA;NA;NA;NA;NA;NA;NA;
63239;NA;NA;NA;NA;NA;NA;NA;NA;NA;
60064;NA;NA;NA;NA;NA;NA;NA;NA;NA;
9578;NA;NA;NA;NA;NA;NA;NA;NA;NA;
9581;NA;NA;NA;NA;NA;NA;NA;NA;NA;
60248;NA;NA;NA;NA;NA;NA;NA;NA;NA;
76353;NA;NA;NA;NA;NA;NA;NA;NA;NA;
36526;NA;NA;NA;NA;NA;NA;NA;NA;NA;
72824;NA;NA;NA;NA;NA;NA;NA;NA;NA;
43428;NA;NA;NA;NA;NA;NA;NA;NA;NA;
82246;NA;NA;NA;NA;NA;NA;NA;NA;NA;
71692;NA;NA;NA;NA;NA;NA;NA;NA;NA;
84468;NA;NA;NA;NA;NA;NA;NA;NA;NA;
18066;NA;NA;NA;NA;NA;NA;NA;NA;NA;
68628;NA;NA;NA;NA;NA;NA;NA;NA;NA;
12779;NA;NA;NA;NA;NA;NA;NA;NA;NA;
17240;NA;NA;NA;NA;NA;NA;NA;NA;NA;
68745;NA;NA;NA;NA;NA;NA;NA;NA;NA;
17795;NA;NA;NA;NA;NA;NA;NA;NA;NA;
77729;NA;NA;NA;NA;NA;NA;NA;NA;NA;
16126;NA;NA;NA;NA;NA;NA;NA;NA;NA;
93011;NA;NA;NA;NA;NA;NA;NA;NA;NA;
8398;NA;NA;NA;NA;NA;NA;NA;NA;NA;
469;NA;NA;NA;NA;NA;NA;NA;NA;NA;
10169;NA;NA;NA;NA;NA;NA;NA;NA;NA;
1971;NA;NA;NA;NA;NA;NA;NA;NA;NA;
81558;NA;NA;NA;NA;NA;NA;NA;NA;NA;
13912;NA;NA;NA;NA;NA;NA;NA;NA;NA;
3728;NA;NA;NA;NA;NA;NA;NA;NA;NA;
3729;NA;NA;NA;NA;NA;NA;NA;NA;NA;
3730;NA;NA;NA;NA;NA;NA;NA;NA;NA:
3731;NA;NA;NA;NA;NA;NA;NA;NA;NA;
10545;NA;NA;NA;NA;NA;NA;NA;NA;NA;
60703;NA;NA;NA;NA;NA;NA;NA;NA;NA;
60704;NA;NA;NA;NA;NA;NA;NA;NA;NA;
60705;NA;NA;NA;NA;NA;NA;NA;NA;NA;
60706;NA;NA;NA;NA;NA;NA;NA;NA;NA;
60707;NA;NA;NA;NA;NA;NA;NA;NA;NA;
61083;NA;NA;NA;NA;NA;NA;NA;NA;NA;
61084;NA;NA;NA;NA;NA;NA;NA;NA;NA;
62226;NA;NA;NA;NA;NA;NA;NA;NA;NA;
62227;NA;NA;NA;NA;NA;NA;NA;NA;NA;
62228;NA;NA;NA;NA;NA;NA;NA;NA;NA;
62229;NA;NA;NA;NA;NA;NA;NA;NA;NA;
61595;NA;NA;NA;NA;NA;NA;NA;NA;NA;
61593;NA;NA;NA;NA;NA;NA;NA;NA;NA;
61596;NA;NA;NA;NA;NA;NA;NA;NA;NA;
61597;NA;NA;NA;NA;NA;NA;NA;NA;NA;
61594;NA;NA;NA;NA;NA;NA;NA;NA;NA;
64171;NA;NA;NA;NA;NA;NA;NA;NA;NA;
19521;NA;NA;NA;NA;NA;NA;NA;NA;NA;
19532;NA;NA;NA;NA;NA;NA;NA;NA;NA;
19534;NA;NA;NA;NA;NA;NA;NA;NA;NA;
92141;NA;NA;NA;NA;NA;NA;NA;NA;NA;
92142;NA;NA;NA;NA;NA;NA;NA;NA;NA;
92143;NA;NA;NA;NA;NA;NA;NA;NA;NA;
93830;NA;NA;NA;NA;NA;NA;NA;NA;NA;
78257;NA;NA;NA;NA;NA;NA;NA;NA;NA;
78258;NA;NA;NA;NA;NA;NA;NA;NA;NA;
78259;NA;NA;NA;NA;NA;NA;NA;NA;NA;
79454;NA;NA;NA;NA;NA;NA;NA;NA;NA;
79456;NA;NA;NA;NA;NA;NA;NA;NA;NA;
79457;NA;NA;NA;NA;NA;NA;NA;NA;NA;
80433;NA;NA;NA;NA;NA;NA;NA;NA;NA;
95364;NA;NA;NA;NA;NA;NA;NA;NA;NA;
95365;NA;NA;NA;NA;NA;NA;NA;NA;NA;
60452;NA;NA;NA;NA;NA;NA;NA;NA;NA;
60453;NA;NA;NA;NA;NA;NA;NA;NA;NA;
60455;NA;NA;NA;NA;NA;NA;NA;NA;NA;
60456;NA;NA;NA;NA;NA;NA;NA;NA;NA;
88577;NA;NA;NA;NA;NA;NA;NA;NA;NA;
98620;NA;NA;NA;NA;NA;NA;NA;NA;NA;
80451;NA;NA;NA;NA;NA;NA;NA;NA;NA;
80452;NA;NA;NA;NA;NA;NA;NA;NA;NA;
98884;NA;NA;NA;NA;NA;NA;NA;NA;NA;
98885;NA;NA;NA;NA;NA;NA;NA;NA;NA;
95211;NA;NA;NA;NA;NA;NA;NA;NA;NA;
95212;NA;NA;NA;NA;NA;NA;NA;NA;NA;
13182;NA;NA;NA;NA;NA;NA;NA;NA;NA;
13183;NA;NA;NA;NA;NA;NA;NA;NA;NA;
10670;NA;NA;NA;NA;NA;NA;NA;NA;NA;
16250;NA;NA;NA;NA;NA;NA;NA;NA;NA;
16251;NA;NA;NA;NA;NA;NA;NA;NA;NA;
43799;NA;NA;NA;NA;NA;NA;NA;NA;NA;
43800;NA;NA;NA;NA;NA;NA;NA;NA;NA;
43801;NA;NA;NA;NA;NA;NA;NA;NA;NA;
83740;NA;NA;NA;NA;NA;NA;NA;NA;NA;
83741;NA;NA;NA;NA;NA;NA;NA;NA;NA;
83742;NA;NA;NA;NA;NA;NA;NA;NA;NA;
74687;NA;NA;NA;NA;NA;NA;NA;NA;NA;
74688;NA;NA;NA;NA;NA;NA;NA;NA;NA;
74689;NA;NA;NA;NA;NA;NA;NA;NA;NA;
74690;NA;NA;NA;NA;NA;NA;NA;NA;NA;
91843;NA;NA;NA;NA;NA;NA;NA;NA;NA;
91844;NA;NA;NA;NA;NA;NA;NA;NA;NA;
91845;NA;NA;NA;NA;NA;NA;NA;NA;NA;
19200;NA;NA;NA;NA;NA;NA;NA;NA;NA;
19201;NA;NA;NA;NA;NA;NA;NA;NA;NA;
64362;NA;NA;NA;NA;NA;NA;NA;NA;NA;
77707;NA;NA;NA;NA;NA;NA;NA;NA;NA;
77708;NA;NA;NA;NA;NA;NA;NA;NA;NA;
80966;NA;NA;NA;NA;NA;NA;NA;NA;NA;
81770;NA;NA;NA;NA;NA;NA;NA;NA;NA;
81771;NA;NA;NA;NA;NA;NA;NA;NA;NA;
81772;NA;NA;NA;NA;NA;NA;NA;NA;NA;
92221;NA;NA;NA;NA;NA;NA;NA;NA;NA;
92222;NA;NA;NA;NA;NA;NA;NA;NA;NA;
92223;NA;NA;NA;NA;NA;NA;NA;NA;NA;
92394;NA;NA;NA;NA;NA;NA;NA;NA;NA;
11370;NA;NA;NA;NA;NA;NA;NA;NA;NA;
11371;NA;NA;NA;NA;NA;NA;NA;NA;NA;
11372;NA;NA;NA;NA;NA;NA;NA;NA;NA;
43089;NA;NA;NA;NA;NA;NA;NA;NA;NA;
43088;NA;NA;NA;NA;NA;NA;NA;NA;NA;
43086;NA;NA;NA;NA;NA;NA;NA;NA;NA;
43087;NA;NA;NA;NA;NA;NA;NA;NA;NA;
17820;NA;NA;NA;NA;NA;NA;NA;NA;NA;
17819;NA;NA;NA;NA;NA;NA;NA;NA;NA;
10847;NA;NA;NA;NA;NA;NA;NA;NA;NA;
10848;NA;NA;NA;NA;NA;NA;NA;NA;NA;
77501;NA;NA;NA;NA;NA;NA;NA;NA;NA;
77502;NA;NA;NA;NA;NA;NA;NA;NA;NA;
77503;NA;NA;NA;NA;NA;NA;NA;NA;NA;
77504;NA;NA;NA;NA;NA;NA;NA;NA;NA;
77505;NA;NA;NA;NA;NA;NA;NA;NA;NA;
89462;NA;NA;NA;NA;NA;NA;NA;NA;NA;
77821;NA;NA;NA;NA;NA;NA;NA;NA;NA;
77822;NA;NA;NA;NA;NA;NA;NA;NA;NA;
77823;NA;NA;NA;NA;NA;NA;NA;NA;NA;
77825;NA;NA;NA;NA;NA;NA;NA;NA;NA;
98943;NA;NA;NA;NA;NA;NA;NA;NA;NA;
98944;NA;NA;NA;NA;NA;NA;NA;NA;NA;
77303;NA;NA;NA;NA;NA;NA;NA;NA;NA;
77304;NA;NA;NA;NA;NA;NA;NA;NA;NA;
77305;NA;NA;NA;NA;NA;NA;NA;NA;NA;
77306;NA;NA;NA;NA;NA;NA;NA;NA;NA;
73507;NA;NA;NA;NA;NA;NA;NA;NA;NA;
73508;NA;NA;NA;NA;NA;NA;NA;NA;NA;
73509;NA;NA;NA;NA;NA;NA;NA;NA;NA;
73510;NA;NA;NA;NA;NA;NA;NA;NA;NA;
77762;NA;NA;NA;NA;NA;NA;NA;NA;NA;
77763;NA;NA;NA;NA;NA;NA;NA;NA;NA;
77764;NA;NA;NA;NA;NA;NA;NA;NA;NA;
77765;NA;NA;NA;NA;NA;NA;NA;NA;NA;
77817;NA;NA;NA;NA;NA;NA;NA;NA;NA;
81096;NA;NA;NA;NA;NA;NA;NA;NA;NA;
81097;NA;NA;NA;NA;NA;NA;NA;NA;NA;
81098;NA;NA;NA;NA;NA;NA;NA;NA;NA;
81099;NA;NA;NA;NA;NA;NA;NA;NA;NA;
81100;NA;NA;NA;NA;NA;NA;NA;NA;NA;
95409;NA;NA;NA;NA;NA;NA;NA;NA;NA;
95410;NA;NA;NA;NA;NA;NA;NA;NA;NA;
95411;NA;NA;NA;NA;NA;NA;NA;NA;NA;
95412;NA;NA;NA;NA;NA;NA;NA;NA;NA;
61085;NA;NA;NA;NA;NA;NA;NA;NA;NA;
61086;NA;NA;NA;NA;NA;NA;NA;NA;NA;
61087;NA;NA;NA;NA;NA;NA;NA;NA;NA;
65298;NA;NA;NA;NA;NA;NA;NA;NA;NA;
65299;NA;NA;NA;NA;NA;NA;NA;NA;NA;
65300;NA;NA;NA;NA;NA;NA;NA;NA;NA;
90699;NA;NA;NA;NA;NA;NA;NA;NA;NA;
90700;NA;NA;NA;NA;NA;NA;NA;NA;NA;
90701;NA;NA;NA;NA;NA;NA;NA;NA;NA;
19227;NA;NA;NA;NA;NA;NA;NA;NA;NA;
19226;NA;NA;NA;NA;NA;NA;NA;NA;NA;
19229;NA;NA;NA;NA;NA;NA;NA;NA;NA;
19228;NA;NA;NA;NA;NA;NA;NA;NA;NA;
98555;NA;NA;NA;NA;NA;NA;NA;NA;NA;
9907;NA;NA;NA;NA;NA;NA;NA;NA;NA;
9908;NA;NA;NA;NA;NA;NA;NA;NA;NA;
16984;NA;NA;NA;NA;NA;NA;NA;NA;NA;
13599;NA;NA;NA;NA;NA;NA;NA;NA;NA;
13942;NA;NA;NA;NA;NA;NA;NA;NA;NA;
13944;NA;NA;NA;NA;NA;NA;NA;NA;NA;
43132;NA;NA;NA;NA;NA;NA;NA;NA;NA;
43133;NA;NA;NA;NA;NA;NA;NA;NA;NA;
43134;NA;NA;NA;NA;NA;NA;NA;NA;NA;
1531;NA;NA;NA;NA;NA;NA;NA;NA;NA;
16628;NA;NA;NA;NA;NA;NA;NA;NA;NA;
16630;NA;NA;NA;NA;NA;NA;NA;NA;NA;
786;NA;NA;NA;NA;NA;NA;NA;NA;NA;
1768;NA;NA;NA;NA;NA;NA;NA;NA;NA;
2789;NA;NA;NA;NA;NA;NA;NA;NA;NA;
755;NA;NA;NA;NA;NA;NA;NA;NA;NA;
8522;NA;NA;NA;NA;NA;NA;NA;NA;NA;
8527;NA;NA;NA;NA;NA;NA;NA;NA;NA;
18553;NA;NA;NA;NA;NA;NA;NA;NA;NA;
3385;NA;NA;NA;NA;NA;NA;NA;NA;NA;
19142;NA;NA;NA;NA;NA;NA;NA;NA;NA;
1597;NA;NA;NA;NA;NA;NA;NA;NA;NA;
12953;NA;NA;NA;NA;NA;NA;NA;NA;NA;
42964;NA;NA;NA;NA;NA;NA;NA;NA;NA;
44057;NA;NA;NA;NA;NA;NA;NA;NA;NA;
44058;NA;NA;NA;NA;NA;NA;NA;NA;NA;
44059;NA;NA;NA;NA;NA;NA;NA;NA;NA;
44056;NA;NA;NA;NA;NA;NA;NA;NA;NA;
63543;NA;NA;NA;NA;NA;NA;NA;NA;NA;
44060;NA;NA;NA;NA;NA;NA;NA;NA;NA;
60657;NA;NA;NA;NA;NA;NA;NA;NA;NA;
12335;NA;NA;NA;NA;NA;NA;NA;NA;NA;
60849;NA;NA;NA;NA;NA;NA;NA;NA;NA;
16479;NA;NA;NA;NA;NA;NA;NA;NA;NA;
9515;NA;NA;NA;NA;NA;NA;NA;NA;NA;
9516;NA;NA;NA;NA;NA;NA;NA;NA;NA;
9517;NA;NA;NA;NA;NA;NA;NA;NA;NA;
73758;NA;NA;NA;NA;NA;NA;NA;NA;NA;
83061;NA;NA;NA;NA;NA;NA;NA;NA;NA;
83062;NA;NA;NA;NA;NA;NA;NA;NA;NA;
83063;NA;NA;NA;NA;NA;NA;NA;NA;NA;
83851;NA;NA;NA;NA;NA;NA;NA;NA;NA;
83852;NA;NA;NA;NA;NA;NA;NA;NA;NA;
83853;NA;NA;NA;NA;NA;NA;NA;NA;NA;
87169;NA;NA;NA;NA;NA;NA;NA;NA;NA;
87170;NA;NA;NA;NA;NA;NA;NA;NA;NA;
87171;NA;NA;NA;NA;NA;NA;NA;NA;NA;
87172;NA;NA;NA;NA;NA;NA;NA;NA;NA;
75960;NA;NA;NA;NA;NA;NA;NA;NA;NA;
78663;NA;NA;NA;NA;NA;NA;NA;NA;NA;
79764;NA;NA;NA;NA;NA;NA;NA;NA;NA;
86325;NA;NA;NA;NA;NA;NA;NA;NA;NA;
95315;NA;NA;NA;NA;NA;NA;NA;NA;NA;
74200;NA;NA;NA;NA;NA;NA;NA;NA;NA;
78723;NA;NA;NA;NA;NA;NA;NA;NA;NA;
77525;NA;NA;NA;NA;NA;NA;NA;NA;NA;
75287;NA;NA;NA;NA;NA;NA;NA;NA;NA;
79003;NA;NA;NA;NA;NA;NA;NA;NA;NA;
78981;NA;NA;NA;NA;NA;NA;NA;NA;NA;
79743;NA;NA;NA;NA;NA;NA;NA;NA;NA;
81780;NA;NA;NA;NA;NA;NA;NA;NA;NA;
81781;NA;NA;NA;NA;NA;NA;NA;NA;NA;
81782;NA;NA;NA;NA;NA;NA;NA;NA;NA;
71442;NA;NA;NA;NA;NA;NA;NA;NA;NA;
71443;NA;NA;NA;NA;NA;NA;NA;NA;NA;
71444;NA;NA;NA;NA;NA;NA;NA;NA;NA;
71445;NA;NA;NA;NA;NA;NA;NA;NA;NA;
73666;NA;NA;NA;NA;NA;NA;NA;NA;NA;
73667;NA;NA;NA;NA;NA;NA;NA;NA;NA;
73668;NA;NA;NA;NA;NA;NA;NA;NA;NA;
43411;NA;NA;NA;NA;NA;NA;NA;NA;NA;
43412;NA;NA;NA;NA;NA;NA;NA;NA;NA;
43410;NA;NA;NA;NA;NA;NA;NA;NA;NA;
4584;NA;NA;NA;NA;NA;NA;NA;NA;NA;
4585;NA;NA;NA;NA;NA;NA;NA;NA;NA;
4586;NA;NA;NA;NA;NA;NA;NA;NA;NA;
46571;NA;NA;NA;NA;NA;NA;NA;NA;NA;
10130;NA;NA;NA;NA;NA;NA;NA;NA;NA;
16644;NA;NA;NA;NA;NA;NA;NA;NA;NA;
16643;NA;NA;NA;NA;NA;NA;NA;NA;NA;
16645;NA;NA;NA;NA;NA;NA;NA;NA;NA;
80993;NA;NA;NA;NA;NA;NA;NA;NA;NA;
80994;NA;NA;NA;NA;NA;NA;NA;NA;NA;
87557;NA;NA;NA;NA;NA;NA;NA;NA;NA;
87565;NA;NA;NA;NA;NA;NA;NA;NA;NA;
89372;NA;NA;NA;NA;NA;NA;NA;NA;NA;
89373;NA;NA;NA;NA;NA;NA;NA;NA;NA;
92681;NA;NA;NA;NA;NA;NA;NA;NA;NA;
92683;NA;NA;NA;NA;NA;NA;NA;NA;NA;
95443;NA;NA;NA;NA;NA;NA;NA;NA;NA;
95444;NA;NA;NA;NA;NA;NA;NA;NA;NA;
15208;NA;NA;NA;NA;NA;NA;NA;NA;NA;
62269;NA;NA;NA;NA;NA;NA;NA;NA;NA;
15209;NA;NA;NA;NA;NA;NA;NA;NA;NA;
18891;NA;NA;NA;NA;NA;NA;NA;NA;NA;
62268;NA;NA;NA;NA;NA;NA;NA;NA;NA;
15903;NA;NA;NA;NA;NA;NA;NA;NA;NA;
62267;NA;NA;NA;NA;NA;NA;NA;NA;NA;
67589;NA;NA;NA;NA;NA;NA;NA;NA;NA;
88532;NA;NA;NA;NA;NA;NA;NA;NA;NA;
88533;NA;NA;NA;NA;NA;NA;NA;NA;NA;
18964;NA;NA;NA;NA;NA;NA;NA;NA;NA;
97570;NA;NA;NA;NA;NA;NA;NA;NA;NA;
97571;NA;NA;NA;NA;NA;NA;NA;NA;NA;
97572;NA;NA;NA;NA;NA;NA;NA;NA;NA;
87133;NA;NA;NA;NA;NA;NA;NA;NA;NA;
49605;NA;NA;NA;NA;NA;NA;NA;NA;NA;
49612;NA;NA;NA;NA;NA;NA;NA;NA;NA;
18548;NA;NA;NA;NA;NA;NA;NA;NA;NA;
92448;NA;NA;NA;NA;NA;NA;NA;NA;NA;
89325;NA;NA;NA;NA;NA;NA;NA;NA;NA;
89326;NA;NA;NA;NA;NA;NA;NA;NA;NA;
89327;NA;NA;NA;NA;NA;NA;NA;NA;NA;
18403;NA;NA;NA;NA;NA;NA;NA;NA;NA;
97411;NA;NA;NA;NA;NA;NA;NA;NA;NA;
72878;NA;NA;NA;NA;NA;NA;NA;NA;NA;
72879;NA;NA;NA;NA;NA;NA;NA;NA;NA;
66809;NA;NA;NA;NA;NA;NA;NA;NA;NA;
66912;NA;NA;NA;NA;NA;NA;NA;NA;NA;
86863;NA;NA;NA;NA;NA;NA;NA;NA;NA;
67033;NA;NA;NA;NA;NA;NA;NA;NA;NA;
17116;NA;NA;NA;NA;NA;NA;NA;NA;NA;
85225;NA;NA;NA;NA;NA;NA;NA;NA;NA;
85226;NA;NA;NA;NA;NA;NA;NA;NA;NA;
85227;NA;NA;NA;NA;NA;NA;NA;NA;NA;
88492;NA;NA;NA;NA;NA;NA;NA;NA;NA;
12434;NA;NA;NA;NA;NA;NA;NA;NA;NA;
12435;NA;NA;NA;NA;NA;NA;NA;NA;NA;
13134;NA;NA;NA;NA;NA;NA;NA;NA;NA;
12433;NA;NA;NA;NA;NA;NA;NA;NA;NA;
17117;NA;NA;NA;NA;NA;NA;NA;NA;NA;
88833;NA;NA;NA;NA;NA;NA;NA;NA;NA;
68839;NA;NA;NA;NA;NA;NA;NA;NA;NA;
5524;NA;NA;NA;NA;NA;NA;NA;NA;NA;
78975;NA;NA;NA;NA;NA;NA;NA;NA;NA;
863;NA;NA;NA;NA;NA;NA;NA;NA;NA;
16821;NA;NA;NA;NA;NA;NA;NA;NA;NA;
37359;NA;NA;NA;NA;NA;NA;NA;NA;NA;
9379;NA;NA;NA;NA;NA;NA;NA;NA;NA;
3631;NA;NA;NA;NA;NA;NA;NA;NA;NA;
9378;NA;NA;NA;NA;NA;NA;NA;NA;NA;
7030;NA;NA;NA;NA;NA;NA;NA;NA;NA;
10146;NA;NA;NA;NA;NA;NA;NA;NA;NA;
11287;NA;NA;NA;NA;NA;NA;NA;NA;NA;
16064;NA;NA;NA;NA;NA;NA;NA;NA;NA;
250;NA;NA;NA;NA;NA;NA;NA;NA;NA;
16992;NA;NA;NA;NA;NA;NA;NA;NA;NA;
16993;NA;NA;NA;NA;NA;NA;NA;NA;NA;
16991;NA;NA;NA;NA;NA;NA;NA;NA;NA;
78579;NA;NA;NA;NA;NA;NA;NA;NA;NA;
78577;NA;NA;NA;NA;NA;NA;NA;NA;NA;
78574;NA;NA;NA;NA;NA;NA;NA;NA;NA;
12612;NA;NA;NA;NA;NA;NA;NA;NA;NA;
874;NA;NA;NA;NA;NA;NA;NA;NA;NA;
19455;NA;NA;NA;NA;NA;NA;NA;NA;NA;
1225;NA;NA;NA;NA;NA;NA;NA;NA;NA;
1620;NA;NA;NA;NA;NA;NA;NA;NA;NA;
11260;NA;NA;NA;NA;NA;NA;NA;NA;NA;
15942;NA;NA;NA;NA;NA;NA;NA;NA;NA;
1116;NA;NA;NA;NA;NA;NA;NA;NA;NA;
34553;NA;NA;NA;NA;NA;NA;NA;NA;NA;
34554;NA;NA;NA;NA;NA;NA;NA;NA;NA;
2833;NA;NA;NA;NA;NA;NA;NA;NA;NA;
498;NA;NA;NA;NA;NA;NA;NA;NA;NA;
14024;NA;NA;NA;NA;NA;NA;NA;NA;NA;
87275;NA;NA;NA;NA;NA;NA;NA;NA;NA;
16649;NA;NA;NA;NA;NA;NA;NA;NA;NA;
16648;NA;NA;NA;NA;NA;NA;NA;NA;NA;
16624;NA;NA;NA;NA;NA;NA;NA;NA;NA;
16650;NA;NA;NA;NA;NA;NA;NA;NA;NA;
3719;NA;NA;NA;NA;NA;NA;NA;NA;NA;
3718;NA;NA;NA;NA;NA;NA;NA;NA;NA;
49781;NA;NA;NA;NA;NA;NA;NA;NA;NA;
49783;NA;NA;NA;NA;NA;NA;NA;NA;NA;
49790;NA;NA;NA;NA;NA;NA;NA;NA;NA;
49791;NA;NA;NA;NA;NA;NA;NA;NA;NA;
76408;NA;NA;NA;NA;NA;NA;NA;NA;NA;
76409;NA;NA;NA;NA;NA;NA;NA;NA;NA;
76807;NA;NA;NA;NA;NA;NA;NA;NA;NA;
76808;NA;NA;NA;NA;NA;NA;NA;NA;NA;
44222;NA;NA;NA;NA;NA;NA;NA;NA;NA;
44223;NA;NA;NA;NA;NA;NA;NA;NA;NA;
44224;NA;NA;NA;NA;NA;NA;NA;NA;NA;
19043;NA;NA;NA;NA;NA;NA;NA;NA;NA;
19042;NA;NA;NA;NA;NA;NA;NA;NA;NA;
19070;NA;NA;NA;NA;NA;NA;NA;NA;NA;
19072;NA;NA;NA;NA;NA;NA;NA;NA;NA;
73621;NA;NA;NA;NA;NA;NA;NA;NA;NA;
73622;NA;NA;NA;NA;NA;NA;NA;NA;NA;
73623;NA;NA;NA;NA;NA;NA;NA;NA;NA;
73624;NA;NA;NA;NA;NA;NA;NA;NA;NA;
83618;NA;NA;NA;NA;NA;NA;NA;NA;NA;
77490;NA;NA;NA;NA;NA;NA;NA;NA;NA;
77494;NA;NA;NA;NA;NA;NA;NA;NA;NA;
62255;NA;NA;NA;NA;NA;NA;NA;NA;NA;
63141;NA;NA;NA;NA;NA;NA;NA;NA;NA;
63142;NA;NA;NA;NA;NA;NA;NA;NA;NA;
81855;NA;NA;NA;NA;NA;NA;NA;NA;NA;
12541;NA;NA;NA;NA;NA;NA;NA;NA;NA;
9814;NA;NA;NA;NA;NA;NA;NA;NA;NA;
10024;NA;NA;NA;NA;NA;NA;NA;NA;NA;
83642;NA;NA;NA;NA;NA;NA;NA;NA;NA;
83643;NA;NA;NA;NA;NA;NA;NA;NA;NA;
8056;NA;NA;NA;NA;NA;NA;NA;NA;NA;
10897;NA;NA;NA;NA;NA;NA;NA;NA;NA;
4470;NA;NA;NA;NA;NA;NA;NA;NA;NA;
5296;NA;NA;NA;NA;NA;NA;NA;NA;NA;
3698;NA;NA;NA;NA;NA;NA;NA;NA;NA;
3699;NA;NA;NA;NA;NA;NA;NA;NA;NA;
3172;NA;NA;NA;NA;NA;NA;NA;NA;NA;
1113;NA;NA;NA;NA;NA;NA;NA;NA;NA;
5767;NA;NA;NA;NA;NA;NA;NA;NA;NA;
788;NA;NA;NA;NA;NA;NA;NA;NA;NA;
72545;NA;NA;NA;NA;NA;NA;NA;NA;NA;
72544;NA;NA;NA;NA;NA;NA;NA;NA;NA;
97920;NA;NA;NA;NA;NA;NA;NA;NA;NA;
98083;NA;NA;NA;NA;NA;NA;NA;NA;NA;
98213;NA;NA;NA;NA;NA;NA;NA;NA;NA;
98600;NA;NA;NA;NA;NA;NA;NA;NA;NA;
99447;NA;NA;NA;NA;NA;NA;NA;NA;NA;
11252;NA;NA;NA;NA;NA;NA;NA;NA;NA;
5599;NA;NA;NA;NA;NA;NA;NA;NA;NA;
10707;NA;NA;NA;NA;NA;NA;NA;NA;NA;
60344;NA;NA;NA;NA;NA;NA;NA;NA;NA;
15893;NA;NA;NA;NA;NA;NA;NA;NA;NA;
7332;NA;NA;NA;NA;NA;NA;NA;NA;NA;
6687;NA;NA;NA;NA;NA;NA;NA;NA;NA;
7414;NA;NA;NA;NA;NA;NA;NA;NA;NA;
9939;NA;NA;NA;NA;NA;NA;NA;NA;NA;
11929;NA;NA;NA;NA;NA;NA;NA;NA;NA;
6686;NA;NA;NA;NA;NA;NA;NA;NA;NA;
7324;NA;NA;NA;NA;NA;NA;NA;NA;NA;
4465;NA;NA;NA;NA;NA;NA;NA;NA;NA;
6688;NA;NA;NA;NA;NA;NA;NA;NA;NA;
705;NA;NA;NA;NA;NA;NA;NA;NA;NA;
1669;NA;NA;NA;NA;NA;NA;NA;NA;NA;
9396;NA;NA;NA;NA;NA;NA;NA;NA;NA;
9397;NA;NA;NA;NA;NA;NA;NA;NA;NA;
1168;NA;NA;NA;NA;NA;NA;NA;NA;NA;
1169;NA;NA;NA;NA;NA;NA;NA;NA;NA;
1727;NA;NA;NA;NA;NA;NA;NA;NA;NA;
1101;NA;NA;NA;NA;NA;NA;NA;NA;NA;
1796;NA;NA;NA;NA;NA;NA;NA;NA;NA;
31467;NA;NA;NA;NA;NA;NA;NA;NA;NA;
59716;NA;NA;NA;NA;NA;NA;NA;NA;NA;
36926;NA;NA;NA;NA;NA;NA;NA;NA;NA;
81202;NA;NA;NA;NA;NA;NA;NA;NA;NA;
59717;NA;NA;NA;NA;NA;NA;NA;NA;NA;
4846;NA;NA;NA;NA;NA;NA;NA;NA; NA;
94751;NA;NA;NA;NA;NA;NA;NA;NA;NA;
95521;NA;NA;NA;NA;NA;NA;NA;NA;NA;
76893;NA;NA;NA;NA;NA;NA;NA;NA;NA;
9865;NA;NA;NA;NA;NA;NA;NA;NA;NA;
60761;NA;NA;NA;NA;NA;NA;NA;NA;NA;
68951;NA;NA;NA;NA;NA;NA;NA;NA;NA;
83729;NA;NA;NA;NA;NA;NA;NA;NA;NA;
12221;NA;NA;NA;NA;NA;NA;NA;NA;NA;
12997;NA;NA;NA;NA;NA;NA;NA;NA;NA;
12548;NA;NA;NA;NA;NA;NA;NA;NA;NA;
12654;NA;NA;NA;NA;NA;NA;NA;NA;NA;
12838;NA;NA;NA;NA;NA;NA;NA;NA;NA;
12996;NA;NA;NA;NA;NA;NA;NA;NA;NA;
8312;NA;NA;NA;NA;NA;NA;NA;NA;NA;
2146;NA;NA;NA;NA;NA;NA;NA;NA;NA;
68374;NA;NA;NA;NA;NA;NA;NA;NA;NA;
2755;NA;NA;NA;NA;NA;NA;NA;NA;NA;
43080;NA;NA;NA;NA;NA;NA;NA;NA;NA;
43081;NA;NA;NA;NA;NA;NA;NA;NA;NA;
43082;NA;NA;NA;NA;NA;NA;NA;NA;NA;
6426;NA;NA;NA;NA;NA;NA;NA;NA;NA;
6427;NA;NA;NA;NA;NA;NA;NA;NA;NA;
6425;NA;NA;NA;NA;NA;NA;NA;NA;NA;
9556;NA;NA;NA;NA;NA;NA;NA;NA;NA;
97954;NA;NA;NA;NA;NA;NA;NA;NA;NA;
96510;NA;NA;NA;NA;NA;NA;NA;NA;NA;
5637;NA;NA;NA;NA;NA;NA;NA;NA;NA;
11975;NA;NA;NA;NA;NA;NA;NA;NA;NA;
62005;NA;NA;NA;NA;NA;NA;NA;NA;NA;
5639;NA;NA;NA;NA;NA;NA;NA;NA;NA;
15573;NA;NA;NA;NA;NA;NA;NA;NA;NA;
4063;NA;NA;NA;NA;NA;NA;NA;NA;NA;
5638;NA;NA;NA;NA;NA;NA;NA;NA;NA;
67802;NA;NA;NA;NA;NA;NA;NA;NA;NA;
67803;NA;NA;NA;NA;NA;NA;NA;NA;NA;
365;NA;NA;NA;NA;NA;NA;NA;NA;NA;
1205;NA;NA;NA;NA;NA;NA;NA;NA;NA;
1204;NA;NA;NA;NA;NA;NA;NA;NA;NA;
366;NA;NA;NA;NA;NA;NA;NA;NA;NA;
4182;NA;NA;NA;NA;NA;NA;NA;NA;NA;
703;NA;NA;NA;NA;NA;NA;NA;NA;NA;
4181;NA;NA;NA;NA;NA;NA;NA;NA;NA;
7418;NA;NA;NA;NA;NA;NA;NA;NA;NA;
5315;NA;NA;NA;NA;NA;NA;NA;NA;NA;
13145;NA;NA;NA;NA;NA;NA;NA;NA;NA;
13147;NA;NA;NA;NA;NA;NA;NA;NA;NA;
75998;NA;NA;NA;NA;NA;NA;NA;NA;NA;
76000;NA;NA;NA;NA;NA;NA;NA;NA;NA;
76001;NA;NA;NA;NA;NA;NA;NA;NA;NA;
11426;NA;NA;NA;NA;NA;NA;NA;NA;NA;
19707;NA;NA;NA;NA;NA;NA;NA;NA;NA;
16244;NA;NA;NA;NA;NA;NA;NA;NA;NA;
16862;NA;NA;NA;NA;NA;NA;NA;NA;NA;
37211;NA;NA;NA;NA;NA;NA;NA;NA;NA;
66434;NA;NA;NA;NA;NA;NA;NA;NA;NA;
75394;NA;NA;NA;NA;NA;NA;NA;NA;NA;
94412;NA;NA;NA;NA;NA;NA;NA;NA;NA;
95943;NA;NA;NA;NA;NA;NA;NA;NA;NA;
12674;NA;NA;NA;NA;NA;NA;NA;NA;NA;
12668;NA;NA;NA;NA;NA;NA;NA;NA;NA;
18660;NA;NA;NA;NA;NA;NA;NA;NA;NA;
12675;NA;NA;NA;NA;NA;NA;NA;NA;NA;
36925;NA;NA;NA;NA;NA;NA;NA;NA;NA;
19198;NA;NA;NA;NA;NA;NA;NA;NA;NA;
19199;NA;NA;NA;NA;NA;NA;NA;NA;NA;
18242;NA;NA;NA;NA;NA;NA;NA;NA;NA;
18243;NA;NA;NA;NA;NA;NA;NA;NA;NA;
18241;NA;NA;NA;NA;NA;NA;NA;NA;NA;
9579;NA;NA;NA;NA;NA;NA;NA;NA;NA;
9580;NA;NA;NA;NA;NA;NA;NA;NA;NA;
8239;NA;NA;NA;NA;NA;NA;NA;NA;NA;
14326;NA;NA;NA;NA;NA;NA;NA;NA;NA;
61948;NA;NA;NA;NA;NA;NA;NA;NA;NA;
16701;NA;NA;NA;NA;NA;NA;NA;NA;NA;
645;NA;NA;NA;NA;NA;NA;NA;NA;NA;
1185;NA;NA;NA;NA;NA;NA;NA;NA;NA;
1284;NA;NA;NA;NA;NA;NA;NA;NA;NA;
11;NA;NA;NA;NA;NA;NA;NA;NA;NA;
6252;NA;NA;NA;NA;NA;NA;NA;NA;NA;
220;NA;NA;NA;NA;NA;NA;NA;NA;NA;
84255;NA;NA;NA;NA;NA;NA;NA;NA;NA;
84256;NA;NA;NA;NA;NA;NA;NA;NA;NA;
84339;NA;NA;NA;NA;NA;NA;NA;NA;NA;
84340;NA;NA;NA;NA;NA;NA;NA;NA;NA;
92424;NA;NA;NA;NA;NA;NA;NA;NA;NA;
92425;NA;NA;NA;NA;NA;NA;NA;NA;NA;
92562;NA;NA;NA;NA;NA;NA;NA;NA;NA;
92563;NA;NA;NA;NA;NA;NA;NA;NA;NA;
71683;NA;NA;NA;NA;NA;NA;NA;NA;NA;
93169;NA;NA;NA;NA;NA;NA;NA;NA;NA;
93170;NA;NA;NA;NA;NA;NA;NA;NA;NA;
86456;NA;NA;NA;NA;NA;NA;NA;NA;NA;
86457;NA;NA;NA;NA;NA;NA;NA;NA;NA;
86458;NA;NA;NA;NA;NA;NA;NA;NA;NA;
97818;NA;NA;NA;NA;NA;NA;NA;NA;NA;
97819;NA;NA;NA;NA;NA;NA;NA;NA;NA;
97820;NA;NA;NA;NA;NA;NA;NA;NA;NA;
9867;NA;NA;NA;NA;NA;NA;NA;NA;NA;
14282;NA;NA;NA;NA;NA;NA;NA;NA;NA;
98468;NA;NA;NA;NA;NA;NA;NA;NA;NA;
98469;NA;NA;NA;NA;NA;NA;NA;NA;NA;
97408;NA;NA;NA;NA;NA;NA;NA;NA;NA;
97409;NA;NA;NA;NA;NA;NA;NA;NA;NA;
98541;NA;NA;NA;NA;NA;NA;NA;NA;NA;
98542;NA;NA;NA;NA;NA;NA;NA;NA;NA;
91747;NA;NA;NA;NA;NA;NA;NA;NA;NA;
91748;NA;NA;NA;NA;NA;NA;NA;NA;NA;
93868;NA;NA;NA;NA;NA;NA;NA;NA;NA;
93869;NA;NA;NA;NA;NA;NA;NA;NA;NA;
83697;NA;NA;NA;NA;NA;NA;NA;NA;NA;
86616;NA;NA;NA;NA;NA;NA;NA;NA;NA;
86617;NA;NA;NA;NA;NA;NA;NA;NA;NA;
86618;NA;NA;NA;NA;NA;NA;NA;NA;NA;
96331;NA;NA;NA;NA;NA;NA;NA;NA;NA;
90502;NA;NA;NA;NA;NA;NA;NA;NA;NA;
90487;NA;NA;NA;NA;NA;NA;NA;NA;NA;
89245;NA;NA;NA;NA;NA;NA;NA;NA;NA;
89246;NA;NA;NA;NA;NA;NA;NA;NA;NA;
90488;NA;NA;NA;NA;NA;NA;NA;NA;NA;
90489;NA;NA;NA;NA;NA;NA;NA;NA;NA;
90490;NA;NA;NA;NA;NA;NA;NA;NA;NA;
90491;NA;NA;NA;NA;NA;NA;NA;NA;NA;
84267;NA;NA;NA;NA;NA;NA;NA;NA;NA;
1184;NA;NA;NA;NA;NA;NA;NA;NA;NA;
1212;NA;NA;NA;NA;NA;NA;NA;NA;NA;
1434;NA;NA;NA;NA;NA;NA;NA;NA;NA;
2809;NA;NA;NA;NA;NA;NA;NA;NA;NA;
9592;NA;NA;NA;NA;NA;NA;NA;NA;NA;
2264;NA;NA;NA;NA;NA;NA;NA;NA;NA;
2309;NA;NA;NA;NA;NA;NA;NA;NA;NA;
12566;NA;NA;NA;NA;NA;NA;NA;NA;NA;
12567;NA;NA;NA;NA;NA;NA;NA;NA;NA;
13969;NA;NA;NA;NA;NA;NA;NA;NA;NA;
11968;NA;NA;NA;NA;NA;NA;NA;NA;NA;
12655;NA;NA;NA;NA;NA;NA;NA;NA;NA;
2057;NA;NA;NA;NA;NA;NA;NA;NA;NA;
2103;NA;NA;NA;NA;NA;NA;NA;NA;NA;
6185;NA;NA;NA;NA;NA;NA;NA;NA;NA;
9590;NA;NA;NA;NA;NA;NA;NA;NA;NA;
9589;NA;NA;NA;NA;NA;NA;NA;NA;NA;
18475;NA;NA;NA;NA;NA;NA;NA;NA;NA;
16831;NA;NA;NA;NA;NA;NA;NA;NA;NA;
18781;NA;NA;NA;NA;NA;NA;NA;NA;NA;
25344;NA;NA;NA;NA;NA;NA;NA;NA;NA;
1437;NA;NA;NA;NA;NA;NA;NA;NA;NA;
12207;NA;NA;NA;NA;NA;NA;NA;NA;NA;
13377;NA;NA;NA;NA;NA;NA;NA;NA;NA;
34558;NA;NA;NA;NA;NA;NA;NA;NA;NA;
34559;NA;NA;NA;NA;NA;NA;NA;NA;NA;
727;NA;NA;NA;NA;NA;NA;NA;NA;NA;
917;NA;NA;NA;NA;NA;NA;NA;NA;NA;
3776;NA;NA;NA;NA;NA;NA;NA;NA;NA;
10912;NA;NA;NA;NA;NA;NA;NA;NA;NA;
12860;NA;NA;NA;NA;NA;NA;NA;NA;NA;
50109;NA;NA;NA;NA;NA;NA;NA;NA;NA;
1186;NA;NA;NA;NA;NA;NA;NA;NA;NA;
19657;NA;NA;NA;NA;NA;NA;NA;NA;NA;
19659;NA;NA;NA;NA;NA;NA;NA;NA;NA;
19656;NA;NA;NA;NA;NA;NA;NA;NA;NA;
19658;NA;NA;NA;NA;NA;NA;NA;NA;NA;
424;NA;NA;NA;NA;NA;NA;NA;NA;NA;
425;NA;NA;NA;NA;NA;NA;NA;NA;NA;
95784;NA;NA;NA;NA;NA;NA;NA;NA;NA;
95785;NA;NA;NA;NA;NA;NA;NA;NA;NA;
96025;NA;NA;NA;NA;NA;NA;NA;NA;NA;
96026;NA;NA;NA;NA;NA;NA;NA;NA;NA;
99162;NA;NA;NA;NA;NA;NA;NA;NA;NA;
99163;NA;NA;NA;NA;NA;NA;NA;NA;NA;
96049;NA;NA;NA;NA;NA;NA;NA;NA;NA;
96050;NA;NA;NA;NA;NA;NA;NA;NA;NA;
97049;NA;NA;NA;NA;NA;NA;NA;NA;NA;
97050;NA;NA;NA;NA;NA;NA;NA;NA;NA;
15173;NA;NA;NA;NA;NA;NA;NA;NA;NA;
14763;NA;NA;NA;NA;NA;NA;NA;NA;NA;
14004;NA;NA;NA;NA;NA;NA;NA;NA;NA;
14010;NA;NA;NA;NA;NA;NA;NA;NA;NA;
3399;NA;NA;NA;NA;NA;NA;NA;NA;NA;
3400;NA;NA;NA;NA;NA;NA;NA;NA;NA;
3401;NA;NA;NA;NA;NA;NA;NA;NA;NA;
4538;NA;NA;NA;NA;NA;NA;NA;NA;NA;
9591;NA;NA;NA;NA;NA;NA;NA;NA;NA;
3136;NA;NA;NA;NA;NA;NA;NA;NA;NA;
3135;NA;NA;NA;NA;NA;NA;NA;NA;NA;
93870;NA;NA;NA;NA;NA;NA;NA;NA;NA;
93871;NA;NA;NA;NA;NA;NA;NA;NA;NA;
86555;NA;NA;NA;NA;NA;NA;NA;NA;NA;
86556;NA;NA;NA;NA;NA;NA;NA;NA;NA;
86557;NA;NA;NA;NA;NA;NA;NA;NA;NA;
98137;NA;NA;NA;NA;NA;NA;NA;NA;NA;
20004;NA;NA;NA;NA;NA;NA;NA;NA;NA;
20003;NA;NA;NA;NA;NA;NA;NA;NA;NA;
259;NA;NA;NA;NA;NA;NA;NA;NA;NA;
2423;NA;NA;NA;NA;NA;NA;NA;NA;NA;
3282;NA;NA;NA;NA;NA;NA;NA;NA;NA;
95045;NA;NA;NA;NA;NA;NA;NA;NA;NA;
95046;NA;NA;NA;NA;NA;NA;NA;NA;NA;
269;NA;NA;NA;NA;NA;NA;NA;NA;NA;
11202;NA;NA;NA;NA;NA;NA;NA;NA;NA;
11210;NA;NA;NA;NA;NA;NA;NA;NA;NA;
8165;NA;NA;NA;NA;NA;NA;NA;NA;NA;
8164;NA;NA;NA;NA;NA;NA;NA;NA;NA;
12911;NA;NA;NA;NA;NA;NA;NA;NA;NA;
151;NA;NA;NA;NA;NA;NA;NA;NA;NA;
152;NA;NA;NA;NA;NA;NA;NA;NA;NA;
153;NA;NA;NA;NA;NA;NA;NA;NA;NA;
86463;NA;NA;NA;NA;NA;NA;NA;NA;NA;
86467;NA;NA;NA;NA;NA;NA;NA;NA;NA;
89983;NA;NA;NA;NA;NA;NA;NA;NA;NA;
89984;NA;NA;NA;NA;NA;NA;NA;NA;NA;
95075;NA;NA;NA;NA;NA;NA;NA;NA;NA;
95076;NA;NA;NA;NA;NA;NA;NA;NA;NA;
98335;NA;NA;NA;NA;NA;NA;NA;NA;NA;
98336;NA;NA;NA;NA;NA;NA;NA;NA;NA;
91498;NA;NA;NA;NA;NA;NA;NA;NA;NA;
91499;NA;NA;NA;NA;NA;NA;NA;NA;NA;
89840;NA;NA;NA;NA;NA;NA;NA;NA;NA;
89841;NA;NA;NA;NA;NA;NA;NA;NA;NA;
92083;NA;NA;NA;NA;NA;NA;NA;NA;NA;
92084;NA;NA;NA;NA;NA;NA;NA;NA;NA;
43253;NA;NA;NA;NA;NA;NA;NA;NA;NA;
43254;NA;NA;NA;NA;NA;NA;NA;NA;NA;
43255;NA;NA;NA;NA;NA;NA;NA;NA;NA;
43256;NA;NA;NA;NA;NA;NA;NA;NA;NA;
367;NA;NA;NA;NA;NA;NA;NA;NA;NA;
43445;NA;NA;NA;NA;NA;NA;NA;NA;NA;
17824;NA;NA;NA;NA;NA;NA;NA;NA;NA;
78314;NA;NA;NA;NA;NA;NA;NA;NA;NA;
72542;NA;NA;NA;NA;NA;NA;NA;NA;NA;
4902;NA;NA;NA;NA;NA;NA;NA;NA;NA;
7425;NA;NA;NA;NA;NA;NA;NA;NA;NA;
10871;NA;NA;NA;NA;NA;NA;NA;NA;NA;
3010;NA;NA;NA;NA;NA;NA;NA;NA;NA;
18748;NA;NA;NA;NA;NA;NA;NA;NA;NA;
18741;NA;NA;NA;NA;NA;NA;NA;NA;NA;
34671;NA;NA;NA;NA;NA;NA;NA;NA;NA;
34672;NA;NA;NA;NA;NA;NA;NA;NA;NA;
1104;NA;NA;NA;NA;NA;NA;NA;NA;NA;
1818;NA;NA;NA;NA;NA;NA;NA;NA;NA;
15925;NA;NA;NA;NA;NA;NA;NA;NA;NA;
15927;NA;NA;NA;NA;NA;NA;NA;NA;NA;
63489;NA;NA;NA;NA;NA;NA;NA;NA;NA;
77264;NA;NA;NA;NA;NA;NA;NA;NA;NA;
77265;NA;NA;NA;NA;NA;NA;NA;NA;NA;
19204;NA;NA;NA;NA;NA;NA;NA;NA;NA;
19207;NA;NA;NA;NA;NA;NA;NA;NA;NA;
80284;NA;NA;NA;NA;NA;NA;NA;NA;NA;
80285;NA;NA;NA;NA;NA;NA;NA;NA;NA;
90827;NA;NA;NA;NA;NA;NA;NA;NA;NA;
90828;NA;NA;NA;NA;NA;NA;NA;NA;NA;
90829;NA;NA;NA;NA;NA;NA;NA;NA;NA;
80295;NA;NA;NA;NA;NA;NA;NA;NA;NA;
80296;NA;NA;NA;NA;NA;NA;NA;NA;NA;
80297;NA;NA;NA;NA;NA;NA;NA;NA;NA;
63874;NA;NA;NA;NA;NA;NA;NA;NA;NA;
867;NA;NA;NA;NA;NA;NA;NA;NA;NA;
866;NA;NA;NA;NA;NA;NA;NA;NA;NA;
426;NA;NA;NA;NA;NA;NA;NA;NA;NA;
61562;NA;NA;NA;NA;NA;NA;NA;NA;NA;
61563;NA;NA;NA;NA;NA;NA;NA;NA;NA;
76396;NA;NA;NA;NA;NA;NA;NA;NA;NA;
84385;NA;NA;NA;NA;NA;NA;NA;NA;NA;
69747;NA;NA;NA;NA;NA;NA;NA;NA;NA;
69748;NA;NA;NA;NA;NA;NA;NA;NA;NA;
69749;NA;NA;NA;NA;NA;NA;NA;NA;NA;
90107;NA;NA;NA;NA;NA;NA;NA;NA;NA;
90108;NA;NA;NA;NA;NA;NA;NA;NA;NA;
73227;NA;NA;NA;NA;NA;NA;NA;NA;NA;
73228;NA;NA;NA;NA;NA;NA;NA;NA;NA;
74355;NA;NA;NA;NA;NA;NA;NA;NA;NA;
74356;NA;NA;NA;NA;NA;NA;NA;NA;NA;
49998;NA;NA;NA;NA;NA;NA;NA;NA;NA;
49999;NA;NA;NA;NA;NA;NA;NA;NA;NA;
79119;NA;NA;NA;NA;NA;NA;NA;NA;NA;
79120;NA;NA;NA;NA;NA;NA;NA;NA;NA;
79121;NA;NA;NA;NA;NA;NA;NA;NA;NA;
89123;NA;NA;NA;NA;NA;NA;NA;NA;NA;
89124;NA;NA;NA;NA;NA;NA;NA;NA;NA;
89125;NA;NA;NA;NA;NA;NA;NA;NA;NA;
89126;NA;NA;NA;NA;NA;NA;NA;NA;NA;
1512;NA;NA;NA;NA;NA;NA;NA;NA;NA;
1513;NA;NA;NA;NA;NA;NA;NA;NA;NA;
1653;NA;NA;NA;NA;NA;NA;NA;NA;NA;
13050;NA;NA;NA;NA;NA;NA;NA;NA;NA;
2141;NA;NA;NA;NA;NA;NA;NA;NA; NA;
10176;NA;NA;NA;NA;NA;NA;NA;NA;NA;
2140;NA;NA;NA;NA;NA;NA;NA;NA;NA;
2942;NA;NA;NA;NA;NA;NA;NA;NA;NA;
2941;NA;NA;NA;NA;NA;NA;NA;NA;NA;
14736;NA;NA;NA;NA;NA;NA;NA;NA;NA;
1078;NA;NA;NA;NA;NA;NA;NA;NA;NA;
30;NA;NA;NA;NA;NA;NA;NA;NA;NA;
428;NA;NA;NA;NA;NA;NA;NA;NA;NA;
429;NA;NA;NA;NA;NA;NA;NA;NA;NA;
427;NA;NA;NA;NA;NA;NA;NA;NA;NA;
1393;NA;NA;NA;NA;NA;NA;NA;NA;NA;
1394;NA;NA;NA;NA;NA;NA;NA;NA;NA;
247;NA;NA;NA;NA;NA;NA;NA;NA;NA;
6875;NA;NA;NA;NA;NA;NA;NA;NA;NA;
8285;NA;NA;NA;NA;NA;NA;NA;NA;NA;
6727;NA;NA;NA;NA;NA;NA;NA;NA;NA;
8528;NA;NA;NA;NA;NA;NA;NA;NA;NA;
10501;NA;NA;NA;NA;NA;NA;NA;NA;NA;
10163;NA;NA;NA;NA;NA;NA;NA;NA;NA;
1013;NA;NA;NA;NA;NA;NA;NA;NA;NA;
4126;NA;NA;NA;NA;NA;NA;NA;NA;NA;
5215;NA;NA;NA;NA;NA;NA;NA;NA;NA;
16852;NA;NA;NA;NA;NA;NA;NA;NA;NA;
2093;NA;NA;NA;NA;NA;NA;NA;NA;NA;
2094;NA;NA;NA;NA;NA;NA;NA;NA;NA;
4842;NA;NA;NA;NA;NA;NA;NA;NA;NA;
4841;NA;NA;NA;NA;NA;NA;NA;NA;NA;
19257;NA;NA;NA;NA;NA;NA;NA;NA;NA;
3263;NA;NA;NA;NA;NA;NA;NA;NA;NA;
3264;NA;NA;NA;NA;NA;NA;NA;NA;NA;
3344;NA;NA;NA;NA;NA;NA;NA;NA;NA;
3345;NA;NA;NA;NA;NA;NA;NA;NA;NA;
14506;NA;NA;NA;NA;NA;NA;NA;NA;NA;
15559;NA;NA;NA;NA;NA;NA;NA;NA;NA;
16954;NA;NA;NA;NA;NA;NA;NA;NA;NA;
16955;NA;NA;NA;NA;NA;NA;NA;NA;NA;
1270;NA;NA;NA;NA;NA;NA;NA;NA;NA;
1155;NA;NA;NA;NA;NA;NA;NA;NA;NA;
1154;NA;NA;NA;NA;NA;NA;NA;NA;NA;
80071;NA;NA;NA;NA;NA;NA;NA;NA;NA;
80072;NA;NA;NA;NA;NA;NA;NA;NA;NA;
51068;NA;NA;NA;NA;NA;NA;NA;NA;NA;
51070;NA;NA;NA;NA;NA;NA;NA;NA;NA;
48700;NA;NA;NA;NA;NA;NA;NA;NA;NA;
48701;NA;NA;NA;NA;NA;NA;NA;NA;NA;
48702;NA;NA;NA;NA;NA;NA;NA;NA;NA;
1296;NA;NA;NA;NA;NA;NA;NA;NA;NA;
69221;NA;NA;NA;NA;NA;NA;NA;NA;NA;
69222;NA;NA;NA;NA;NA;NA;NA;NA;NA;
72467;NA;NA;NA;NA;NA;NA;NA;NA;NA;
504;NA;NA;NA;NA;NA;NA;NA;NA;NA;
1297;NA;NA;NA;NA;NA;NA;NA;NA;NA;
1298;NA;NA;NA;NA;NA;NA;NA;NA;NA;
75649;NA;NA;NA;NA;NA;NA;NA;NA;NA;
1033;NA;NA;NA;NA;NA;NA;NA;NA;NA;
2107;NA;NA;NA;NA;NA;NA;NA;NA;NA;
2814;NA;NA;NA;NA;NA;NA;NA;NA;NA;
295;NA;NA;NA;NA;NA;NA;NA;NA;NA;
10805;NA;NA;NA;NA;NA;NA;NA;NA;NA;
881;NA;NA;NA;NA;NA;NA;NA;NA;NA;
901;NA;NA;NA;NA;NA;NA;NA;NA;NA;
1642;NA;NA;NA;NA;NA;NA;NA;NA;NA;
6324;NA;NA;NA;NA;NA;NA;NA;NA;NA;
5603;NA;NA;NA;NA;NA;NA;NA;NA;NA;
5604;NA;NA;NA;NA;NA;NA;NA;NA;NA;
2813;NA;NA;NA;NA;NA;NA;NA;NA;NA;
580;NA;NA;NA;NA;NA;NA;NA;NA;NA;
291;NA;NA;NA;NA;NA;NA;NA;NA;NA;
501;NA;NA;NA;NA;NA;NA;NA;NA;NA;
508;NA;NA;NA;NA;NA;NA;NA;NA;NA;
96991;NA;NA;NA;NA;NA;NA;NA;NA;NA;
96992;NA;NA;NA;NA;NA;NA;NA;NA;NA;
98200;NA;NA;NA;NA;NA;NA;NA;NA;NA;
98201;NA;NA;NA;NA;NA;NA;NA;NA;NA;
98202;NA;NA;NA;NA;NA;NA;NA;NA;NA;
98373;NA;NA;NA;NA;NA;NA;NA;NA;NA;
98374;NA;NA;NA;NA;NA;NA;NA;NA;NA;
83093;NA;NA;NA;NA;NA;NA;NA;NA;NA;
83094;NA;NA;NA;NA;NA;NA;NA;NA;NA;
83095;NA;NA;NA;NA;NA;NA;NA;NA;NA;
83096;NA;NA;NA;NA;NA;NA;NA;NA;NA;
83097;NA;NA;NA;NA;NA;NA;NA;NA;NA;
83337;NA;NA;NA;NA;NA;NA;NA;NA;NA;
83338;NA;NA;NA;NA;NA;NA;NA;NA;NA;
83306;NA;NA;NA;NA;NA;NA;NA;NA;NA;
83305;NA;NA;NA;NA;NA;NA;NA;NA;NA;
11949;NA;NA;NA;NA;NA;NA;NA;NA;NA;
11950;NA;NA;NA;NA;NA;NA;NA;NA;NA;
11951;NA;NA;NA;NA;NA;NA;NA;NA;NA;
11952;NA;NA;NA;NA;NA;NA;NA;NA;NA;
11173;NA;NA;NA;NA;NA;NA;NA;NA;NA;
11172;NA;NA;NA;NA;NA;NA;NA;NA;NA;
11171;NA;NA;NA;NA;NA;NA;NA;NA;NA;
11170;NA;NA;NA;NA;NA;NA;NA;NA;NA;
50749;NA;NA;NA;NA;NA;NA;NA;NA;NA;
61433;NA;NA;NA;NA;NA;NA;NA;NA;NA;
61434;NA;NA;NA;NA;NA;NA;NA;NA;NA;
61435;NA;NA;NA;NA;NA;NA;NA;NA;NA;
50748;NA;NA;NA;NA;NA;NA;NA;NA;NA;
82169;NA;NA;NA;NA;NA;NA;NA;NA;NA;
82170;NA;NA;NA;NA;NA;NA;NA;NA;NA;
82192;NA;NA;NA;NA;NA;NA;NA;NA;NA;
82193;NA;NA;NA;NA;NA;NA;NA;NA;NA;
82201;NA;NA;NA;NA;NA;NA;NA;NA;NA;
82202;NA;NA;NA;NA;NA;NA;NA;NA;NA;
11963;NA;NA;NA;NA;NA;NA;NA;NA;NA;
11962;NA;NA;NA;NA;NA;NA;NA;NA;NA;
81885;NA;NA;NA;NA;NA;NA;NA;NA;NA;
73443;NA;NA;NA;NA;NA;NA;NA;NA;NA;
73444;NA;NA;NA;NA;NA;NA;NA;NA;NA;
73445;NA;NA;NA;NA;NA;NA;NA;NA;NA;
73446;NA;NA;NA;NA;NA;NA;NA;NA;NA;
82182;NA;NA;NA;NA;NA;NA;NA;NA;NA;
82183;NA;NA;NA;NA;NA;NA;NA;NA;NA;
11165;NA;NA;NA;NA;NA;NA;NA;NA;NA;
11164;NA;NA;NA;NA;NA;NA;NA;NA;NA;
11163;NA;NA;NA;NA;NA;NA;NA;NA;NA;
11955;NA;NA;NA;NA;NA;NA;NA;NA;NA;
11953;NA;NA;NA;NA;NA;NA;NA;NA;NA;
11954;NA;NA;NA;NA;NA;NA;NA;NA;NA;
14939;NA;NA;NA;NA;NA;NA;NA;NA;NA;
14940;NA;NA;NA;NA;NA;NA;NA;NA;NA;
14938;NA;NA;NA;NA;NA;NA;NA;NA;NA;
82091;NA;NA;NA;NA;NA;NA;NA;NA;NA;
82092;NA;NA;NA;NA;NA;NA;NA;NA;NA;
62691;NA;NA;NA;NA;NA;NA;NA;NA;NA;
62692;NA;NA;NA;NA;NA;NA;NA;NA;NA;
11957;NA;NA;NA;NA;NA;NA;NA;NA;NA;
11956;NA;NA;NA;NA;NA;NA;NA;NA;NA;
16085;NA;NA;NA;NA;NA;NA;NA;NA;NA;
16081;NA;NA;NA;NA;NA;NA;NA;NA;NA;
6363;NA;NA;NA;NA;NA;NA;NA;NA; NA;
13141;NA;NA;NA;NA;NA;NA;NA;NA;NA;
6365;NA;NA;NA;NA;NA;NA;NA;NA; NA;
12875;NA;NA;NA;NA;NA;NA;NA;NA;NA;
12265;NA;NA;NA;NA;NA;NA;NA;NA;NA;
16983;NA;NA;NA;NA;NA;NA;NA;NA;NA;
13328;NA;NA;NA;NA;NA;NA;NA;NA;NA;
12843;NA;NA;NA;NA;NA;NA;NA;NA;NA;
6055;NA;NA;NA;NA;NA;NA;NA;NA; NA;
13146;NA;NA;NA;NA;NA;NA;NA;NA;NA;
74362;NA;NA;NA;NA;NA;NA;NA;NA;NA;
7308;NA;NA;NA;NA;NA;NA;NA;NA;NA;
7045;NA;NA;NA;NA;NA;NA;NA;NA;NA;
787;NA;NA;NA;NA;NA;NA;NA;NA;NA;
10025;NA;NA;NA;NA;NA;NA;NA;NA;NA;
19303;NA;NA;NA;NA;NA;NA;NA;NA;NA;
10062;NA;NA;NA;NA;NA;NA;NA;NA;NA;
80861;NA;NA;NA;NA;NA;NA;NA;NA;NA;
80862;NA;NA;NA;NA;NA;NA;NA;NA;NA;
19256;NA;NA;NA;NA;NA;NA;NA;NA;NA;
536;NA;NA;NA;NA;NA;NA;NA;NA;NA;
93;NA;NA;NA;NA;NA;NA;NA;NA;NA;
758;NA;NA;NA;NA;NA;NA;NA;NA;NA;
92;NA;NA;NA;NA;NA;NA;NA;NA;NA;
757;NA;NA;NA;NA;NA;NA;NA;NA;NA;
537;NA;NA;NA;NA;NA;NA;NA;NA;NA;
19122;NA;NA;NA;NA;NA;NA;NA;NA;NA;
43446;NA;NA;NA;NA;NA;NA;NA;NA;NA;
80317;NA;NA;NA;NA;NA;NA;NA;NA;NA;
88575;NA;NA;NA;NA;NA;NA;NA;NA;NA;
76868;NA;NA;NA;NA;NA;NA;NA;NA;NA;
94696;NA;NA;NA;NA;NA;NA;NA;NA;NA;
2721;NA;NA;NA;NA;NA;NA;NA;NA;NA;
6671;NA;NA;NA;NA;NA;NA;NA;NA;NA;
3923;NA;NA;NA;NA;NA;NA;NA;NA;NA;
95159;NA;NA;NA;NA;NA;NA;NA;NA;NA;
19803;NA;NA;NA;NA;NA;NA;NA;NA;NA;
15674;NA;NA;NA;NA;NA;NA;NA;NA;NA;
60209;NA;NA;NA;NA;NA;NA;NA;NA;NA;
9162;NA;NA;NA;NA;NA;NA;NA;NA; NA;
11423;NA;NA;NA;NA;NA;NA;NA;NA;NA;
5294;NA;NA;NA;NA;NA;NA;NA;NA;NA;
1465;NA;NA;NA;NA;NA;NA;NA;NA;NA;
7300;NA;NA;NA;NA;NA;NA;NA;NA;NA;
8188;NA;NA;NA;NA;NA;NA;NA;NA;NA;
47544;NA;NA;NA;NA;NA;NA;NA;NA;NA;
47543;NA;NA;NA;NA;NA;NA;NA;NA;NA;
16235;NA;NA;NA;NA;NA;NA;NA;NA;NA;
47542;NA;NA;NA;NA;NA;NA;NA;NA;NA;
15697;NA;NA;NA;NA;NA;NA;NA;NA;NA;
16233;NA;NA;NA;NA;NA;NA;NA;NA;NA;
6421;NA;NA;NA;NA;NA;NA;NA;NA; NA;
542;NA;NA;NA;NA;NA;NA;NA;NA;NA;
538;NA;NA;NA;NA;NA;NA;NA;NA;NA;
540;NA;NA;NA;NA;NA;NA;NA;NA;NA;
557;NA;NA;NA;NA;NA;NA;NA;NA;NA;
539;NA;NA;NA;NA;NA;NA;NA;NA;NA;
94;NA;NA;NA;NA;NA;NA;NA;NA;NA;
541;NA;NA;NA;NA;NA;NA;NA;NA;NA;
17100;NA;NA;NA;NA;NA;NA;NA;NA;NA;
17111;NA;NA;NA;NA;NA;NA;NA;NA;NA;
16577;NA;NA;NA;NA;NA;NA;NA;NA;NA;
5815;NA;NA;NA;NA;NA;NA;NA;NA;NA;
5816;NA;NA;NA;NA;NA;NA;NA;NA;NA;
13717;NA;NA;NA;NA;NA;NA;NA;NA;NA;
14097;NA;NA;NA;NA;NA;NA;NA;NA;NA;
13716;NA;NA;NA;NA;NA;NA;NA;NA;NA;
14100;NA;NA;NA;NA;NA;NA;NA;NA;NA;
13715;NA;NA;NA;NA;NA;NA;NA;NA;NA;
13713;NA;NA;NA;NA;NA;NA;NA;NA;NA;
18643;NA;NA;NA;NA;NA;NA;NA;NA;NA;
37241;NA;NA;NA;NA;NA;NA;NA;NA;NA;
37242;NA;NA;NA;NA;NA;NA;NA;NA;NA;
37243;NA;NA;NA;NA;NA;NA;NA;NA;NA;
98;NA;NA;NA;NA;NA;NA;NA;NA;NA;
12342;NA;NA;NA;NA;NA;NA;NA;NA;NA;
99;NA;NA;NA;NA;NA;NA;NA;NA;NA;
12341;NA;NA;NA;NA;NA;NA;NA;NA;NA;
100;NA;NA;NA;NA;NA;NA;NA;NA;NA;
12340;NA;NA;NA;NA;NA;NA;NA;NA;NA;
16232;NA;NA;NA;NA;NA;NA;NA;NA;NA;
16959;NA;NA;NA;NA;NA;NA;NA;NA;NA;
71620;NA;NA;NA;NA;NA;NA;NA;NA;NA;
12343;NA;NA;NA;NA;NA;NA;NA;NA;NA;
12394;NA;NA;NA;NA;NA;NA;NA;NA;NA;
12395;NA;NA;NA;NA;NA;NA;NA;NA;NA;
37244;NA;NA;NA;NA;NA;NA;NA;NA;NA;
37245;NA;NA;NA;NA;NA;NA;NA;NA;NA;
37246;NA;NA;NA;NA;NA;NA;NA;NA;NA;
97;NA;NA;NA;NA;NA;NA;NA;NA;NA;
95;NA;NA;NA;NA;NA;NA;NA;NA;NA;
96;NA;NA;NA;NA;NA;NA;NA;NA;NA;
3375;NA;NA;NA;NA;NA;NA;NA;NA; NA;
52503;NA;NA;NA;NA;NA;NA;NA;NA;NA;
47505;NA;NA;NA;NA;NA;NA;NA;NA;NA;
47507;NA;NA;NA;NA;NA;NA;NA;NA;NA;
47506;NA;NA;NA;NA;NA;NA;NA;NA;NA;
47510;NA;NA;NA;NA;NA;NA;NA;NA;NA;
47511;NA;NA;NA;NA;NA;NA;NA;NA;NA;
51149;NA;NA;NA;NA;NA;NA;NA;NA;NA;
13274;NA;NA;NA;NA;NA;NA;NA;NA;NA;
11015;NA;NA;NA;NA;NA;NA;NA;NA;NA;
44273;NA;NA;NA;NA;NA;NA;NA;NA;NA;
13116;NA;NA;NA;NA;NA;NA;NA;NA;NA;
13117;NA;NA;NA;NA;NA;NA;NA;NA;NA;
19243;NA;NA;NA;NA;NA;NA;NA;NA;NA;
13383;NA;NA;NA;NA;NA;NA;NA;NA;NA;
13682;NA;NA;NA;NA;NA;NA;NA;NA;NA;
71343;NA;NA;NA;NA;NA;NA;NA;NA;NA;
74824;NA;NA;NA;NA;NA;NA;NA;NA;NA;
74827;NA;NA;NA;NA;NA;NA;NA;NA;NA;
74828;NA;NA;NA;NA;NA;NA;NA;NA;NA;
74829;NA;NA;NA;NA;NA;NA;NA;NA;NA;
83636;NA;NA;NA;NA;NA;NA;NA;NA;NA;
83637;NA;NA;NA;NA;NA;NA;NA;NA;NA;
83638;NA;NA;NA;NA;NA;NA;NA;NA;NA;
83639;NA;NA;NA;NA;NA;NA;NA;NA;NA;
76416;NA;NA;NA;NA;NA;NA;NA;NA;NA;
76417;NA;NA;NA;NA;NA;NA;NA;NA;NA;
76803;NA;NA;NA;NA;NA;NA;NA;NA;NA;
76805;NA;NA;NA;NA;NA;NA;NA;NA;NA;
73625;NA;NA;NA;NA;NA;NA;NA;NA;NA;
73626;NA;NA;NA;NA;NA;NA;NA;NA;NA;
73627;NA;NA;NA;NA;NA;NA;NA;NA;NA;
73628;NA;NA;NA;NA;NA;NA;NA;NA;NA;
77480;NA;NA;NA;NA;NA;NA;NA;NA;NA;
77481;NA;NA;NA;NA;NA;NA;NA;NA;NA;
77949;NA;NA;NA;NA;NA;NA;NA;NA;NA;
77950;NA;NA;NA;NA;NA;NA;NA;NA;NA;
85517;NA;NA;NA;NA;NA;NA;NA;NA;NA;
85518;NA;NA;NA;NA;NA;NA;NA;NA;NA;
85519;NA;NA;NA;NA;NA;NA;NA;NA;NA;
79408;NA;NA;NA;NA;NA;NA;NA;NA;NA;
79409;NA;NA;NA;NA;NA;NA;NA;NA;NA;
79410;NA;NA;NA;NA;NA;NA;NA;NA;NA;
84762;NA;NA;NA;NA;NA;NA;NA;NA;NA;
84763;NA;NA;NA;NA;NA;NA;NA;NA;NA;
84764;NA;NA;NA;NA;NA;NA;NA;NA;NA;
86356;NA;NA;NA;NA;NA;NA;NA;NA;NA;
87685;NA;NA;NA;NA;NA;NA;NA;NA;NA;
87686;NA;NA;NA;NA;NA;NA;NA;NA;NA;
87687;NA;NA;NA;NA;NA;NA;NA;NA;NA;
88623;NA;NA;NA;NA;NA;NA;NA;NA;NA;
88624;NA;NA;NA;NA;NA;NA;NA;NA;NA;
88625;NA;NA;NA;NA;NA;NA;NA;NA;NA;
88693;NA;NA;NA;NA;NA;NA;NA;NA;NA;
88694;NA;NA;NA;NA;NA;NA;NA;NA;NA;
88695;NA;NA;NA;NA;NA;NA;NA;NA;NA;
92352;NA;NA;NA;NA;NA;NA;NA;NA;NA;
95406;NA;NA;NA;NA;NA;NA;NA;NA;NA;
95407;NA;NA;NA;NA;NA;NA;NA;NA;NA;
78500;NA;NA;NA;NA;NA;NA;NA;NA;NA;
78501;NA;NA;NA;NA;NA;NA;NA;NA;NA;
78502;NA;NA;NA;NA;NA;NA;NA;NA;NA;
81627;NA;NA;NA;NA;NA;NA;NA;NA;NA;
79116;NA;NA;NA;NA;NA;NA;NA;NA;NA;
79117;NA;NA;NA;NA;NA;NA;NA;NA;NA;
79118;NA;NA;NA;NA;NA;NA;NA;NA;NA;
64593;NA;NA;NA;NA;NA;NA;NA;NA;NA;
64592;NA;NA;NA;NA;NA;NA;NA;NA;NA;
64591;NA;NA;NA;NA;NA;NA;NA;NA;NA;
48975;NA;NA;NA;NA;NA;NA;NA;NA;NA;
48976;NA;NA;NA;NA;NA;NA;NA;NA;NA;
48977;NA;NA;NA;NA;NA;NA;NA;NA;NA;
48978;NA;NA;NA;NA;NA;NA;NA;NA;NA;
74701;NA;NA;NA;NA;NA;NA;NA;NA;NA;
74702;NA;NA;NA;NA;NA;NA;NA;NA;NA;
90302;NA;NA;NA;NA;NA;NA;NA;NA;NA;
90303;NA;NA;NA;NA;NA;NA;NA;NA;NA;
42872;NA;NA;NA;NA;NA;NA;NA;NA;NA;
42873;NA;NA;NA;NA;NA;NA;NA;NA;NA;
42874;NA;NA;NA;NA;NA;NA;NA;NA;NA;
42875;NA;NA;NA;NA;NA;NA;NA;NA;NA;
42876;NA;NA;NA;NA;NA;NA;NA;NA;NA;
19066;NA;NA;NA;NA;NA;NA;NA;NA;NA;
19065;NA;NA;NA;NA;NA;NA;NA;NA;NA;
19068;NA;NA;NA;NA;NA;NA;NA;NA;NA;
19069;NA;NA;NA;NA;NA;NA;NA;NA;NA;
61037;NA;NA;NA;NA;NA;NA;NA;NA;NA;
12644;NA;NA;NA;NA;NA;NA;NA;NA;NA;
72787;NA;NA;NA;NA;NA;NA;NA;NA;NA;
72788;NA;NA;NA;NA;NA;NA;NA;NA;NA;
72789;NA;NA;NA;NA;NA;NA;NA;NA;NA;
72790;NA;NA;NA;NA;NA;NA;NA;NA;NA;
73887;NA;NA;NA;NA;NA;NA;NA;NA;NA;
71828;NA;NA;NA;NA;NA;NA;NA;NA;NA;
71829;NA;NA;NA;NA;NA;NA;NA;NA;NA;
78015;NA;NA;NA;NA;NA;NA;NA;NA;NA;
78016;NA;NA;NA;NA;NA;NA;NA;NA;NA;
77482;NA;NA;NA;NA;NA;NA;NA;NA;NA;
77489;NA;NA;NA;NA;NA;NA;NA;NA;NA;
98237;NA;NA;NA;NA;NA;NA;NA;NA;NA;
11062;NA;NA;NA;NA;NA;NA;NA;NA;NA;
10995;NA;NA;NA;NA;NA;NA;NA;NA;NA;
61035;NA;NA;NA;NA;NA;NA;NA;NA;NA;
50167;NA;NA;NA;NA;NA;NA;NA;NA;NA;
9617;NA;NA;NA;NA;NA;NA;NA;NA; NA;
62256;NA;NA;NA;NA;NA;NA;NA;NA;NA;
9910;NA;NA;NA;NA;NA;NA;NA;NA;NA;
5722;NA;NA;NA;NA;NA;NA;NA;NA;NA;
62699;NA;NA;NA;NA;NA;NA;NA;NA;NA;
62700;NA;NA;NA;NA;NA;NA;NA;NA;NA;
77976;NA;NA;NA;NA;NA;NA;NA;NA;NA;
77977;NA;NA;NA;NA;NA;NA;NA;NA;NA;
94248;NA;NA;NA;NA;NA;NA;NA;NA;NA;
63906;NA;NA;NA;NA;NA;NA;NA;NA;NA;
11424;NA;NA;NA;NA;NA;NA;NA;NA;NA;
11868;NA;NA;NA;NA;NA;NA;NA;NA;NA;
63055;NA;NA;NA;NA;NA;NA;NA;NA;NA;
91458;NA;NA;NA;NA;NA;NA;NA;NA;NA;
91468;NA;NA;NA;NA;NA;NA;NA;NA;NA;
65486;NA;NA;NA;NA;NA;NA;NA;NA;NA;
65485;NA;NA;NA;NA;NA;NA;NA;NA;NA;
48340;NA;NA;NA;NA;NA;NA;NA;NA;NA;
48886;NA;NA;NA;NA;NA;NA;NA;NA;NA;
10157;NA;NA;NA;NA;NA;NA;NA;NA;NA;
20134;NA;NA;NA;NA;NA;NA;NA;NA;NA;
86129;NA;NA;NA;NA;NA;NA;NA;NA;NA;
50107;NA;NA;NA;NA;NA;NA;NA;NA;NA;
50105;NA;NA;NA;NA;NA;NA;NA;NA;NA;
50106;NA;NA;NA;NA;NA;NA;NA;NA;NA;
60546;NA;NA;NA;NA;NA;NA;NA;NA;NA;
13108;NA;NA;NA;NA;NA;NA;NA;NA;NA;
76975;NA;NA;NA;NA;NA;NA;NA;NA;NA;
64139;NA;NA;NA;NA;NA;NA;NA;NA;NA;
1182;NA;NA;NA;NA;NA;NA;NA;NA;NA;
1102;NA;NA;NA;NA;NA;NA;NA;NA;NA;
62612;NA;NA;NA;NA;NA;NA;NA;NA;NA;
72525;NA;NA;NA;NA;NA;NA;NA;NA;NA;
93253;NA;NA;NA;NA;NA;NA;NA;NA;NA;
62658;NA;NA;NA;NA;NA;NA;NA;NA;NA;
62611;NA;NA;NA;NA;NA;NA;NA;NA;NA;
97207;NA;NA;NA;NA;NA;NA;NA;NA;NA;
2095;NA;NA;NA;NA;NA;NA;NA;NA;NA;
62613;NA;NA;NA;NA;NA;NA;NA;NA;NA;
1188;NA;NA;NA;NA;NA;NA;NA;NA;NA;
20253;NA;NA;NA;NA;NA;NA;NA;NA;NA;
50108;NA;NA;NA;NA;NA;NA;NA;NA;NA;
60545;NA;NA;NA;NA;NA;NA;NA;NA;NA;
42145;NA;NA;NA;NA;NA;NA;NA;NA;NA;
50407;NA;NA;NA;NA;NA;NA;NA;NA;NA;
9741;NA;NA;NA;NA;NA;NA;NA;NA; NA;
13628;NA;NA;NA;NA;NA;NA;NA;NA;NA;
10175;NA;NA;NA;NA;NA;NA;NA;NA;NA;
6553;NA;NA;NA;NA;NA;NA;NA;NA;NA;
16625;NA;NA;NA;NA;NA;NA;NA;NA;NA;
8348;NA;NA;NA;NA;NA;NA;NA;NA;NA;
8054;NA;NA;NA;NA;NA;NA;NA;NA;NA;
11380;NA;NA;NA;NA;NA;NA;NA;NA;NA;
11379;NA;NA;NA;NA;NA;NA;NA;NA;NA;
93057;NA;NA;NA;NA;NA;NA;NA;NA;NA;
99298;NA;NA;NA;NA;NA;NA;NA;NA;NA;
99299;NA;NA;NA;NA;NA;NA;NA;NA;NA;
6325;NA;NA;NA;NA;NA;NA;NA;NA;NA;
6509;NA;NA;NA;NA;NA;NA;NA;NA;NA;
6089;NA;NA;NA;NA;NA;NA;NA;NA;NA;
6090;NA;NA;NA;NA;NA;NA;NA;NA;NA;
3415;NA;NA;NA;NA;NA;NA;NA;NA;NA;
98340;NA;NA;NA;NA;NA;NA;NA;NA;NA;
6511;NA;NA;NA;NA;NA;NA;NA;NA;NA;
98220;NA;NA;NA;NA;NA;NA;NA;NA;NA;
6510;NA;NA;NA;NA;NA;NA;NA;NA;NA;
79623;NA;NA;NA;NA;NA;NA;NA;NA;NA;
79666;NA;NA;NA;NA;NA;NA;NA;NA;NA;
79704;NA;NA;NA;NA;NA;NA;NA;NA;NA;
80332;NA;NA;NA;NA;NA;NA;NA;NA;NA;
80333;NA;NA;NA;NA;NA;NA;NA;NA;NA;
71565;NA;NA;NA;NA;NA;NA;NA;NA;NA;
72190;NA;NA;NA;NA;NA;NA;NA;NA;NA;
37334;NA;NA;NA;NA;NA;NA;NA;NA;NA;
37335;NA;NA;NA;NA;NA;NA;NA;NA;NA;
329;NA;NA;NA;NA;NA;NA;NA;NA;NA;
16478;NA;NA;NA;NA;NA;NA;NA;NA;
1307;NA;NA;NA;NA;NA;NA;NA;NA;NA;
14704;NA;NA;NA;NA;NA;NA;NA;NA;NA;
4467;NA;NA;NA;NA;NA;NA;NA;NA;NA;
4466;NA;NA;NA;NA;NA;NA;NA;NA;NA;
6585;NA;NA;NA;NA;NA;NA;NA;NA;NA;
6677;NA;NA;NA;NA;NA;NA;NA;NA;NA;
6037;NA;NA;NA;NA;NA;NA;NA;NA;NA;
6038;NA;NA;NA;NA;NA;NA;NA;NA;NA;
15806;NA;NA;NA;NA;NA;NA;NA;NA;NA;
1482;NA;NA;NA;NA;NA;NA;NA;NA;NA;
1483;NA;NA;NA;NA;NA;NA;NA;NA;NA;
1484;NA;NA;NA;NA;NA;NA;NA;NA;NA;
51871;NA;NA;NA;NA;NA;NA;NA;NA;NA;
71189;NA;NA;NA;NA;NA;NA;NA;NA;NA;
85770;NA;NA;NA;NA;NA;NA;NA;NA;NA;
85771;NA;NA;NA;NA;NA;NA;NA;NA;NA;
85772;NA;NA;NA;NA;NA;NA;NA;NA;NA;
13217;NA;NA;NA;NA;NA;NA;NA;NA;NA;
75332;NA;NA;NA;NA;NA;NA;NA;NA;NA;
75333;NA;NA;NA;NA;NA;NA;NA;NA;NA;
75334;NA;NA;NA;NA;NA;NA;NA;NA;NA;
84648;NA;NA;NA;NA;NA;NA;NA;NA;NA;
84649;NA;NA;NA;NA;NA;NA;NA;NA;NA;
87267;NA;NA;NA;NA;NA;NA;NA;NA;NA;
87268;NA;NA;NA;NA;NA;NA;NA;NA;NA;
89468;NA;NA;NA;NA;NA;NA;NA;NA;NA;
87697;NA;NA;NA;NA;NA;NA;NA;NA;NA;
87698;NA;NA;NA;NA;NA;NA;NA;NA;NA;
83695;NA;NA;NA;NA;NA;NA;NA;NA;NA;
83696;NA;NA;NA;NA;NA;NA;NA;NA;NA;
90612;NA;NA;NA;NA;NA;NA;NA;NA;NA;
90613;NA;NA;NA;NA;NA;NA;NA;NA;NA;
87558;NA;NA;NA;NA;NA;NA;NA;NA;NA;
87559;NA;NA;NA;NA;NA;NA;NA;NA;NA;
76092;NA;NA;NA;NA;NA;NA;NA;NA;NA;
67705;NA;NA;NA;NA;NA;NA;NA;NA;NA;
67706;NA;NA;NA;NA;NA;NA;NA;NA;NA;
71255;NA;NA;NA;NA;NA;NA;NA;NA;NA;
68633;NA;NA;NA;NA;NA;NA;NA;NA;NA;
68634;NA;NA;NA;NA;NA;NA;NA;NA;NA;
66439;NA;NA;NA;NA;NA;NA;NA;NA;NA;
66440;NA;NA;NA;NA;NA;NA;NA;NA;NA;
71025;NA;NA;NA;NA;NA;NA;NA;NA;NA;
71026;NA;NA;NA;NA;NA;NA;NA;NA;NA;
71027;NA;NA;NA;NA;NA;NA;NA;NA;NA;
72112;NA;NA;NA;NA;NA;NA;NA;NA;NA;
72114;NA;NA;NA;NA;NA;NA;NA;NA;NA;
42933;NA;NA;NA;NA;NA;NA;NA;NA;NA;
43874;NA;NA;NA;NA;NA;NA;NA;NA;NA;
17178;NA;NA;NA;NA;NA;NA;NA;NA;NA;
17179;NA;NA;NA;NA;NA;NA;NA;NA;NA;
10751;NA;NA;NA;NA;NA;NA;NA;NA;NA;
10752;NA;NA;NA;NA;NA;NA;NA;NA;NA;
13943;NA;NA;NA;NA;NA;NA;NA;NA;NA;
13948;NA;NA;NA;NA;NA;NA;NA;NA;NA;
3;NA;NA;NA;NA;NA;NA;NA;NA;NA;
18339;NA;NA;NA;NA;NA;NA;NA;NA;NA;
18340;NA;NA;NA;NA;NA;NA;NA;NA;NA;
19653;NA;NA;NA;NA;NA;NA;NA;NA;NA;
19652;NA;NA;NA;NA;NA;NA;NA;NA;NA;
17105;NA;NA;NA;NA;NA;NA;NA;NA;NA;
19034;NA;NA;NA;NA;NA;NA;NA;NA;NA;
8610;NA;NA;NA;NA;NA;NA;NA;NA; NA;
19033;NA;NA;NA;NA;NA;NA;NA;NA;NA;
76095;NA;NA;NA;NA;NA;NA;NA;NA;NA;
64420;NA;NA;NA;NA;NA;NA;NA;NA;NA;
64421;NA;NA;NA;NA;NA;NA;NA;NA;NA;
76094;NA;NA;NA;NA;NA;NA;NA;NA;NA;
73617;NA;NA;NA;NA;NA;NA;NA;NA;NA;
73618;NA;NA;NA;NA;NA;NA;NA;NA;NA;
73619;NA;NA;NA;NA;NA;NA;NA;NA;NA;
73620;NA;NA;NA;NA;NA;NA;NA;NA;NA;
83195;NA;NA;NA;NA;NA;NA;NA;NA;NA;
83196;NA;NA;NA;NA;NA;NA;NA;NA;NA;
97644;NA;NA;NA;NA;NA;NA;NA;NA;NA;
66121;NA;NA;NA;NA;NA;NA;NA;NA;NA;
66122;NA;NA;NA;NA;NA;NA;NA;NA;NA;
77875;NA;NA;NA;NA;NA;NA;NA;NA;NA;
77876;NA;NA;NA;NA;NA;NA;NA;NA;NA;
95690;NA;NA;NA;NA;NA;NA;NA;NA;NA;
95691;NA;NA;NA;NA;NA;NA;NA;NA;NA;
64801;NA;NA;NA;NA;NA;NA;NA;NA;NA;
64802;NA;NA;NA;NA;NA;NA;NA;NA;NA;
65755;NA;NA;NA;NA;NA;NA;NA;NA;NA;
65754;NA;NA;NA;NA;NA;NA;NA;NA;NA;
65179;NA;NA;NA;NA;NA;NA;NA;NA;NA;
10475;NA;NA;NA;NA;NA;NA;NA;NA;NA;
8074;NA;NA;NA;NA;NA;NA;NA;NA; NA;
8038;NA;NA;NA;NA;NA;NA;NA;NA; NA;
8037;NA;NA;NA;NA;NA;NA;NA;NA; NA;
11463;NA;NA;NA;NA;NA;NA;NA;NA;NA;
2863;NA;NA;NA;NA;NA;NA;NA;NA; NA;
2866;NA;NA;NA;NA;NA;NA;NA;NA; NA;
66753;NA;NA;NA;NA;NA;NA;NA;NA;NA;
4856;NA;NA;NA;NA;NA;NA;NA;NA; NA;
4855;NA;NA;NA;NA;NA;NA;NA;NA; NA;
13090;NA;NA;NA;NA;NA;NA;NA;NA;NA;
12601;NA;NA;NA;NA;NA;NA;NA;NA;NA;
97300;NA;NA;NA;NA;NA;NA;NA;NA;NA;
97301;NA;NA;NA;NA;NA;NA;NA;NA;NA;
96494;NA;NA;NA;NA;NA;NA;NA;NA;NA;
96495;NA;NA;NA;NA;NA;NA;NA;NA;NA;
98575;NA;NA;NA;NA;NA;NA;NA;NA;NA;
98576;NA;NA;NA;NA;NA;NA;NA;NA;NA;
75127;NA;NA;NA;NA;NA;NA;NA;NA;NA;
75573;NA;NA;NA;NA;NA;NA;NA;NA;NA;
81804;NA;NA;NA;NA;NA;NA;NA;NA;NA;
81805;NA;NA;NA;NA;NA;NA;NA;NA;NA;
78751;NA;NA;NA;NA;NA;NA;NA;NA;NA;
78752;NA;NA;NA;NA;NA;NA;NA;NA;NA;
78873;NA;NA;NA;NA;NA;NA;NA;NA;NA;
78874;NA;NA;NA;NA;NA;NA;NA;NA;NA;
74309;NA;NA;NA;NA;NA;NA;NA;NA;NA;
74310;NA;NA;NA;NA;NA;NA;NA;NA;NA;
73124;NA;NA;NA;NA;NA;NA;NA;NA;NA;
73125;NA;NA;NA;NA;NA;NA;NA;NA;NA;
73126;NA;NA;NA;NA;NA;NA;NA;NA;NA;
87272;NA;NA;NA;NA;NA;NA;NA;NA;NA;
75196;NA;NA;NA;NA;NA;NA;NA;NA;NA;
75197;NA;NA;NA;NA;NA;NA;NA;NA;NA;
78356;NA;NA;NA;NA;NA;NA;NA;NA;NA;
49184;NA;NA;NA;NA;NA;NA;NA;NA;NA;
66223;NA;NA;NA;NA;NA;NA;NA;NA;NA;
89324;NA;NA;NA;NA;NA;NA;NA;NA;NA;
47318;NA;NA;NA;NA;NA;NA;NA;NA;NA;
47319;NA;NA;NA;NA;NA;NA;NA;NA;NA;
50166;NA;NA;NA;NA;NA;NA;NA;NA;NA;
60635;NA;NA;NA;NA;NA;NA;NA;NA;NA;
60636;NA;NA;NA;NA;NA;NA;NA;NA;NA;
72229;NA;NA;NA;NA;NA;NA;NA;NA;NA;
68998;NA;NA;NA;NA;NA;NA;NA;NA;NA;
62695;NA;NA;NA;NA;NA;NA;NA;NA;NA;
66275;NA;NA;NA;NA;NA;NA;NA;NA;NA;
66276;NA;NA;NA;NA;NA;NA;NA;NA;NA;
65418;NA;NA;NA;NA;NA;NA;NA;NA;NA;
11861;NA;NA;NA;NA;NA;NA;NA;NA;NA;
4765;NA;NA;NA;NA;NA;NA;NA;NA;NA;
94365;NA;NA;NA;NA;NA;NA;NA;NA;NA;
94366;NA;NA;NA;NA;NA;NA;NA;NA;NA;
6471;NA;NA;NA;NA;NA;NA;NA;NA;NA;
86550;NA;NA;NA;NA;NA;NA;NA;NA;NA;
86551;NA;NA;NA;NA;NA;NA;NA;NA;NA;
86552;NA;NA;NA;NA;NA;NA;NA;NA;NA;
1250;NA;NA;NA;NA;NA;NA;NA;NA;NA;
1704;NA;NA;NA;NA;NA;NA;NA;NA;NA;
2521;NA;NA;NA;NA;NA;NA;NA;NA;NA;
4703;NA;NA;NA;NA;NA;NA;NA;NA;NA;
1705;NA;NA;NA;NA;NA;NA;NA;NA;NA;
17959;NA;NA;NA;NA;NA;NA;NA;NA;NA;
371;NA;NA;NA;NA;NA;NA;NA;NA;NA;
370;NA;NA;NA;NA;NA;NA;NA;NA;NA;
369;NA;NA;NA;NA;NA;NA;NA;NA;NA;
1906;NA;NA;NA;NA;NA;NA;NA;NA; NA;
13046;NA;NA;NA;NA;NA;NA;NA;NA;NA;
16888;NA;NA;NA;NA;NA;NA;NA;NA;NA;
18285;NA;NA;NA;NA;NA;NA;NA;NA;NA;
37363;NA;NA;NA;NA;NA;NA;NA;NA;NA;
327;NA;NA;NA;NA;NA;NA;NA;NA;NA;
1236;NA;NA;NA;NA;NA;NA;NA;NA;NA;
16023;NA;NA;NA;NA;NA;NA;NA;NA;NA;
17960;NA;NA;NA;NA;NA;NA;NA;NA;NA;
37364;NA;NA;NA;NA;NA;NA;NA;NA;NA;
18830;NA;NA;NA;NA;NA;NA;NA;NA;NA;
37386;NA;NA;NA;NA;NA;NA;NA;NA;NA;
2108;NA;NA;NA;NA;NA;NA;NA;NA;NA;
1510;NA;NA;NA;NA;NA;NA;NA;NA;NA;
328;NA;NA;NA;NA;NA;NA;NA;NA;NA;
16062;NA;NA;NA;NA;NA;NA;NA;NA;NA;
37384;NA;NA;NA;NA;NA;NA;NA;NA;NA;
966;NA;NA;NA;NA;NA;NA;NA;NA;NA;
18612;NA;NA;NA;NA;NA;NA;NA;NA;NA;
37385;NA;NA;NA;NA;NA;NA;NA;NA;NA;
19552;NA;NA;NA;NA;NA;NA;NA;NA;NA;
37387;NA;NA;NA;NA;NA;NA;NA;NA;NA;
9489;NA;NA;NA;NA;NA;NA;NA;NA;NA;
8534;NA;NA;NA;NA;NA;NA;NA;NA;NA;
8535;NA;NA;NA;NA;NA;NA;NA;NA;NA;
12833;NA;NA;NA;NA;NA;NA;NA;NA;NA;
9488;NA;NA;NA;NA;NA;NA;NA;NA;NA;
8533;NA;NA;NA;NA;NA;NA;NA;NA;NA;
302;NA;NA;NA;NA;NA;NA;NA;NA;NA;
20049;NA;NA;NA;NA;NA;NA;NA;NA;NA;
11211;NA;NA;NA;NA;NA;NA;NA;NA;NA;
11947;NA;NA;NA;NA;NA;NA;NA;NA;NA;
19176;NA;NA;NA;NA;NA;NA;NA;NA;NA;
19181;NA;NA;NA;NA;NA;NA;NA;NA;NA;
19178;NA;NA;NA;NA;NA;NA;NA;NA;NA;
19177;NA;NA;NA;NA;NA;NA;NA;NA;NA;
16990;NA;NA;NA;NA;NA;NA;NA;NA;NA;
53869;NA;NA;NA;NA;NA;NA;NA;NA;NA;
53870;NA;NA;NA;NA;NA;NA;NA;NA;NA;
53871;NA;NA;NA;NA;NA;NA;NA;NA;NA;
12859;NA;NA;NA;NA;NA;NA;NA;NA;NA;
12858;NA;NA;NA;NA;NA;NA;NA;NA;NA;
13356;NA;NA;NA;NA;NA;NA;NA;NA;NA;
13354;NA;NA;NA;NA;NA;NA;NA;NA;NA;
13355;NA;NA;NA;NA;NA;NA;NA;NA;NA;
221;NA;NA;NA;NA;NA;NA;NA;NA;NA;
7509;NA;NA;NA;NA;NA;NA;NA;NA;NA;
84489;NA;NA;NA;NA;NA;NA;NA;NA;NA;
13524;NA;NA;NA;NA;NA;NA;NA;NA;NA;
14397;NA;NA;NA;NA;NA;NA;NA;NA;NA;
11432;NA;NA;NA;NA;NA;NA;NA;NA;NA;
97385;NA;NA;NA;NA;NA;NA;NA;NA;NA;
67590;NA;NA;NA;NA;NA;NA;NA;NA;NA;
14505;NA;NA;NA;NA;NA;NA;NA;NA;NA;
13577;NA;NA;NA;NA;NA;NA;NA;NA;NA;
37254;NA;NA;NA;NA;NA;NA;NA;NA;NA;
16623;NA;NA;NA;NA;NA;NA;NA;NA;NA;
382;NA;NA;NA;NA;NA;NA;NA;NA;NA;
3947;NA;NA;NA;NA;NA;NA;NA;NA;NA;
3948;NA;NA;NA;NA;NA;NA;NA;NA;NA;
3119;NA;NA;NA;NA;NA;NA;NA;NA;NA;
3678;NA;NA;NA;NA;NA;NA;NA;NA;NA;
3679;NA;NA;NA;NA;NA;NA;NA;NA;NA;
3677;NA;NA;NA;NA;NA;NA;NA;NA;NA;
4744;NA;NA;NA;NA;NA;NA;NA;NA;NA;
52218;NA;NA;NA;NA;NA;NA;NA;NA;NA;
1693;NA;NA;NA;NA;NA;NA;NA;NA;NA;
2616;NA;NA;NA;NA;NA;NA;NA;NA;NA;
10523;NA;NA;NA;NA;NA;NA;NA;NA;NA;
10524;NA;NA;NA;NA;NA;NA;NA;NA;NA;
10525;NA;NA;NA;NA;NA;NA;NA;NA;NA;
19674;NA;NA;NA;NA;NA;NA;NA;NA;NA;
19676;NA;NA;NA;NA;NA;NA;NA;NA;NA;
19675;NA;NA;NA;NA;NA;NA;NA;NA;NA;
6843;NA;NA;NA;NA;NA;NA;NA;NA; NA;
15535;NA;NA;NA;NA;NA;NA;NA;NA;NA;
15536;NA;NA;NA;NA;NA;NA;NA;NA;NA;
15156;NA;NA;NA;NA;NA;NA;NA;NA;NA;
15157;NA;NA;NA;NA;NA;NA;NA;NA;NA;
17895;NA;NA;NA;NA;NA;NA;NA;NA;NA;
95265;NA;NA;NA;NA;NA;NA;NA;NA;NA;
77887;NA;NA;NA;NA;NA;NA;NA;NA;NA;
77888;NA;NA;NA;NA;NA;NA;NA;NA;NA;
77893;NA;NA;NA;NA;NA;NA;NA;NA;NA;
81489;NA;NA;NA;NA;NA;NA;NA;NA;NA;
78902;NA;NA;NA;NA;NA;NA;NA;NA;NA;
78903;NA;NA;NA;NA;NA;NA;NA;NA;NA;
78904;NA;NA;NA;NA;NA;NA;NA;NA;NA;
75238;NA;NA;NA;NA;NA;NA;NA;NA;NA;
75239;NA;NA;NA;NA;NA;NA;NA;NA;NA;
75240;NA;NA;NA;NA;NA;NA;NA;NA;NA;
97239;NA;NA;NA;NA;NA;NA;NA;NA;NA;
87587;NA;NA;NA;NA;NA;NA;NA;NA;NA;
87588;NA;NA;NA;NA;NA;NA;NA;NA;NA;
75233;NA;NA;NA;NA;NA;NA;NA;NA;NA;
92456;NA;NA;NA;NA;NA;NA;NA;NA;NA;
15152;NA;NA;NA;NA;NA;NA;NA;NA;NA;
15153;NA;NA;NA;NA;NA;NA;NA;NA;NA;
76560;NA;NA;NA;NA;NA;NA;NA;NA;NA;
11119;NA;NA;NA;NA;NA;NA;NA;NA;NA;
14753;NA;NA;NA;NA;NA;NA;NA;NA;NA;
11369;NA;NA;NA;NA;NA;NA;NA;NA;NA;
44168;NA;NA;NA;NA;NA;NA;NA;NA;NA;
44169;NA;NA;NA;NA;NA;NA;NA;NA;NA;
44170;NA;NA;NA;NA;NA;NA;NA;NA;NA;
16237;NA;NA;NA;NA;NA;NA;NA;NA;NA;
16261;NA;NA;NA;NA;NA;NA;NA;NA;NA;
16260;NA;NA;NA;NA;NA;NA;NA;NA;NA;
2930;NA;NA;NA;NA;NA;NA;NA;NA;NA;
2928;NA;NA;NA;NA;NA;NA;NA;NA;NA;
2929;NA;NA;NA;NA;NA;NA;NA;NA;NA;
67061;NA;NA;NA;NA;NA;NA;NA;NA;NA;
67062;NA;NA;NA;NA;NA;NA;NA;NA;NA;
67063;NA;NA;NA;NA;NA;NA;NA;NA;NA;
67064;NA;NA;NA;NA;NA;NA;NA;NA;NA;
5293;NA;NA;NA;NA;NA;NA;NA;NA;NA;
10602;NA;NA;NA;NA;NA;NA;NA;NA;NA;
735;NA;NA;NA;NA;NA;NA;NA;NA;NA;
4505;NA;NA;NA;NA;NA;NA;NA;NA;NA;
315;NA;NA;NA;NA;NA;NA;NA;NA;NA;
1124;NA;NA;NA;NA;NA;NA;NA;NA;NA;
1125;NA;NA;NA;NA;NA;NA;NA;NA;NA;
75325;NA;NA;NA;NA;NA;NA;NA;NA;NA;
56852;NA;NA;NA;NA;NA;NA;NA;NA;NA;
3945;NA;NA;NA;NA;NA;NA;NA;NA;NA;
3946;NA;NA;NA;NA;NA;NA;NA;NA;NA;
5181;NA;NA;NA;NA;NA;NA;NA;NA;NA;
5182;NA;NA;NA;NA;NA;NA;NA;NA;NA;
5073;NA;NA;NA;NA;NA;NA;NA;NA;NA;
5072;NA;NA;NA;NA;NA;NA;NA;NA;NA;
44074;NA;NA;NA;NA;NA;NA;NA;NA;NA;
44075;NA;NA;NA;NA;NA;NA;NA;NA;NA;
44076;NA;NA;NA;NA;NA;NA;NA;NA;NA;
73173;NA;NA;NA;NA;NA;NA;NA;NA;NA;
73174;NA;NA;NA;NA;NA;NA;NA;NA;NA;
65371;NA;NA;NA;NA;NA;NA;NA;NA;NA;
65372;NA;NA;NA;NA;NA;NA;NA;NA;NA;
2233;NA;NA;NA;NA;NA;NA;NA;NA;NA;
2234;NA;NA;NA;NA;NA;NA;NA;NA;NA;
3794;NA;NA;NA;NA;NA;NA;NA;NA;NA;
10117;NA;NA;NA;NA;NA;NA;NA;NA;NA;
18421;NA;NA;NA;NA;NA;NA;NA;NA;NA;
16949;NA;NA;NA;NA;NA;NA;NA;NA;NA;
16950;NA;NA;NA;NA;NA;NA;NA;NA;NA;
50295;NA;NA;NA;NA;NA;NA;NA;NA;NA;
50297;NA;NA;NA;NA;NA;NA;NA;NA;NA;
37454;NA;NA;NA;NA;NA;NA;NA;NA;NA;
37455;NA;NA;NA;NA;NA;NA;NA;NA;NA;
87512;NA;NA;NA;NA;NA;NA;NA;NA;NA;
12862;NA;NA;NA;NA;NA;NA;NA;NA;NA;
4611;NA;NA;NA;NA;NA;NA;NA;NA;NA;
7313;NA;NA;NA;NA;NA;NA;NA;NA;NA;
4610;NA;NA;NA;NA;NA;NA;NA;NA;NA;
15598;NA;NA;NA;NA;NA;NA;NA;NA;NA;
15224;NA;NA;NA;NA;NA;NA;NA;NA;NA;
72188;NA;NA;NA;NA;NA;NA;NA;NA;NA;
63101;NA;NA;NA;NA;NA;NA;NA;NA;NA;
85000;NA;NA;NA;NA;NA;NA;NA;NA;NA;
10971;NA;NA;NA;NA;NA;NA;NA;NA;NA;
11068;NA;NA;NA;NA;NA;NA;NA;NA;NA;
5402;NA;NA;NA;NA;NA;NA;NA;NA;NA;
77066;NA;NA;NA;NA;NA;NA;NA;NA;NA;
92802;NA;NA;NA;NA;NA;NA;NA;NA;NA;
94458;NA;NA;NA;NA;NA;NA;NA;NA;NA;
49816;NA;NA;NA;NA;NA;NA;NA;NA;NA;
49817;NA;NA;NA;NA;NA;NA;NA;NA;NA;
64815;NA;NA;NA;NA;NA;NA;NA;NA;NA;
64816;NA;NA;NA;NA;NA;NA;NA;NA;NA;
99194;NA;NA;NA;NA;NA;NA;NA;NA;NA;
99195;NA;NA;NA;NA;NA;NA;NA;NA;NA;
86862;NA;NA;NA;NA;NA;NA;NA;NA;NA;
62604;NA;NA;NA;NA;NA;NA;NA;NA;NA;
4571;NA;NA;NA;NA;NA;NA;NA;NA;NA;
5707;NA;NA;NA;NA;NA;NA;NA;NA;NA;
74664;NA;NA;NA;NA;NA;NA;NA;NA;NA;
79241;NA;NA;NA;NA;NA;NA;NA;NA;NA;
66985;NA;NA;NA;NA;NA;NA;NA;NA;NA;
66986;NA;NA;NA;NA;NA;NA;NA;NA;NA;
16171;NA;NA;NA;NA;NA;NA;NA;NA;NA;
70888;NA;NA;NA;NA;NA;NA;NA;NA;NA;
73188;NA;NA;NA;NA;NA;NA;NA;NA;NA;
78327;NA;NA;NA;NA;NA;NA;NA;NA;NA;
86729;NA;NA;NA;NA;NA;NA;NA;NA;NA;
11858;NA;NA;NA;NA;NA;NA;NA;NA;NA;
11859;NA;NA;NA;NA;NA;NA;NA;NA;NA;
11857;NA;NA;NA;NA;NA;NA;NA;NA;NA;
11383;NA;NA;NA;NA;NA;NA;NA;NA;NA;
11094;NA;NA;NA;NA;NA;NA;NA;NA;NA;
1266;NA;NA;NA;NA;NA;NA;NA;NA;NA;
75739;NA;NA;NA;NA;NA;NA;NA;NA;NA;
768;NA;NA;NA;NA;NA;NA;NA;NA;NA;
3582;NA;NA;NA;NA;NA;NA;NA;NA;NA;
6;NA;NA;NA;NA;NA;NA;NA;NA;NA;
816;NA;NA;NA;NA;NA;NA;NA;NA;NA;
1285;NA;NA;NA;NA;NA;NA;NA;NA;NA;
91151;NA;NA;NA;NA;NA;NA;NA;NA;NA;
91154;NA;NA;NA;NA;NA;NA;NA;NA;NA;
91155;NA;NA;NA;NA;NA;NA;NA;NA;NA;
9593;NA;NA;NA;NA;NA;NA;NA;NA;NA;
9594;NA;NA;NA;NA;NA;NA;NA;NA;NA;
9595;NA;NA;NA;NA;NA;NA;NA;NA;NA;
9872;NA;NA;NA;NA;NA;NA;NA;NA;NA;
86318;NA;NA;NA;NA;NA;NA;NA;NA;NA;
86319;NA;NA;NA;NA;NA;NA;NA;NA;NA;
89119;NA;NA;NA;NA;NA;NA;NA;NA;NA;
89120;NA;NA;NA;NA;NA;NA;NA;NA;NA;
88141;NA;NA;NA;NA;NA;NA;NA;NA;NA;
89567;NA;NA;NA;NA;NA;NA;NA;NA;NA;
89568;NA;NA;NA;NA;NA;NA;NA;NA;NA;
82835;NA;NA;NA;NA;NA;NA;NA;NA;NA;
82836;NA;NA;NA;NA;NA;NA;NA;NA;NA;
89059;NA;NA;NA;NA;NA;NA;NA;NA;NA;
89060;NA;NA;NA;NA;NA;NA;NA;NA;NA;
92006;NA;NA;NA;NA;NA;NA;NA;NA;NA;
92007;NA;NA;NA;NA;NA;NA;NA;NA;NA;
13709;NA;NA;NA;NA;NA;NA;NA;NA;NA;
19703;NA;NA;NA;NA;NA;NA;NA;NA;NA;
19705;NA;NA;NA;NA;NA;NA;NA;NA;NA;
43933;NA;NA;NA;NA;NA;NA;NA;NA;NA;
48884;NA;NA;NA;NA;NA;NA;NA;NA;NA;
48885;NA;NA;NA;NA;NA;NA;NA;NA;NA;
65472;NA;NA;NA;NA;NA;NA;NA;NA;NA;
86415;NA;NA;NA;NA;NA;NA;NA;NA;NA;
86416;NA;NA;NA;NA;NA;NA;NA;NA;NA;
87976;NA;NA;NA;NA;NA;NA;NA;NA;NA;
87977;NA;NA;NA;NA;NA;NA;NA;NA;NA;
87978;NA;NA;NA;NA;NA;NA;NA;NA;NA;
87979;NA;NA;NA;NA;NA;NA;NA;NA;NA;
89262;NA;NA;NA;NA;NA;NA;NA;NA;NA;
89263;NA;NA;NA;NA;NA;NA;NA;NA;NA;
89264;NA;NA;NA;NA;NA;NA;NA;NA;NA;
89265;NA;NA;NA;NA;NA;NA;NA;NA;NA;
96868;NA;NA;NA;NA;NA;NA;NA;NA;NA;
96869;NA;NA;NA;NA;NA;NA;NA;NA;NA;
96870;NA;NA;NA;NA;NA;NA;NA;NA;NA;
99216;NA;NA;NA;NA;NA;NA;NA;NA;NA;
99217;NA;NA;NA;NA;NA;NA;NA;NA;NA;
97722;NA;NA;NA;NA;NA;NA;NA;NA;NA;
97721;NA;NA;NA;NA;NA;NA;NA;NA;NA;
12698;NA;NA;NA;NA;NA;NA;NA;NA;NA;
19792;NA;NA;NA;NA;NA;NA;NA;NA;NA;
8913;NA;NA;NA;NA;NA;NA;NA;NA;NA;
9448;NA;NA;NA;NA;NA;NA;NA;NA;NA;
9449;NA;NA;NA;NA;NA;NA;NA;NA;NA;
6795;NA;NA;NA;NA;NA;NA;NA;NA;NA;
722;NA;NA;NA;NA;NA;NA;NA;NA;NA;
44402;NA;NA;NA;NA;NA;NA;NA;NA;NA;
93892;NA;NA;NA;NA;NA;NA;NA;NA;NA;
93893;NA;NA;NA;NA;NA;NA;NA;NA;NA;
93894;NA;NA;NA;NA;NA;NA;NA;NA;NA;
93895;NA;NA;NA;NA;NA;NA;NA;NA;NA;
93896;NA;NA;NA;NA;NA;NA;NA;NA;NA;
97107;NA;NA;NA;NA;NA;NA;NA;NA;NA;
79864;NA;NA;NA;NA;NA;NA;NA;NA;NA;
93248;NA;NA;NA;NA;NA;NA;NA;NA;NA;
93212;NA;NA;NA;NA;NA;NA;NA;NA;NA;
3814;NA;NA;NA;NA;NA;NA;NA;NA; NA;
11118;NA;NA;NA;NA;NA;NA;NA;NA;NA;
3815;NA;NA;NA;NA;NA;NA;NA;NA; NA;
43114;NA;NA;NA;NA;NA;NA;NA;NA;NA;
43113;NA;NA;NA;NA;NA;NA;NA;NA;NA;
43115;NA;NA;NA;NA;NA;NA;NA;NA;NA;
43063;NA;NA;NA;NA;NA;NA;NA;NA;NA;
43387;NA;NA;NA;NA;NA;NA;NA;NA;NA;
72028;NA;NA;NA;NA;NA;NA;NA;NA;NA;
43386;NA;NA;NA;NA;NA;NA;NA;NA;NA;
50450;NA;NA;NA;NA;NA;NA;NA;NA;NA;
16647;NA;NA;NA;NA;NA;NA;NA;NA;NA;
63455;NA;NA;NA;NA;NA;NA;NA;NA;NA;
83998;NA;NA;NA;NA;NA;NA;NA;NA;NA;
74247;NA;NA;NA;NA;NA;NA;NA;NA;NA;
75548;1;0;0;2;0;0;2;0;2;
26617;1;0;0;2;0;0;2;0;2;
75547;1;0;1;3;0;0;3;0;3;
88634;0;0;0;0;2;0;0;0;2;
88635;0;0;0;0;2;0;0;0;2;
19551;0;1;0;2;0;0;1;0;2;
37256;0;2;0;3;0;0;1;0;3;
11013;0;2;0;3;0;0;1;0;3;
3926;1;0;1;3;0;0;3;0;3;
74660;1;0;0;1;0;0;1;0;1;
63637;1;0;0;1;0;0;1;0;1;
1343;1;0;0;1;0;0;1;0;1;
2046;1;0;0;1;0;0;1;0;1;
90412;0;0;0;1;0;0;1;0;1;
85865;0;0;0;1;0;0;1;0;1;
7515;1;0;0;2;0;0;2;0;2;
9120;1;0;1;3;0;0;3;0;3;
60514;0;1;0;2;0;0;1;0;2;
10223;1;0;0;1;0;0;1;0;1;
9728;1;0;0;1;0;0;1;0;1;
13653;0;1;0;1;0;0;0;0;1;
44197;0;0;0;0;0;0;0;0;0;
11875;0;0;0;0;0;0;0;0;0;
93316;0;1;0;2;0;0;1;0;2;
10532;0;0;0;0;2;0;0;0;2;
42859;0;0;0;0;2;0;0;0;2;
14571;0;0;0;0;2;0;0;0;2;
14572;0;0;0;0;2;0;0;0;2;
14573;0;0;0;0;2;0;0;0;2;
14574;0;0;0;0;2;0;0;0;2;
5701;1;1;0;2;0;0;1;0;2;
5702;1;2;0;3;0;0;1;0;3;
94503;1;1;0;2;0;0;1;0;2;
5440;0;0;0;0;2;0;0;0;2;
476;0;0;0;1;0;0;1;0;1;
11365;0;0;0;0;1;0;0;0;1;
11623;0;0;0;0;1;0;0;0;1;
12918;0;0;0;0;1;0;0;0;1;
10456;0;0;0;0;2;0;0;0;2;
10552;0;0;0;1;0;0;1;0;1;
980;0;0;0;0;0;1;0;0;1;
51121;0;0;0;0;0;1;0;0;1;
231;1;0;1;3;1;0;3;0;4;
2878;0;0;0;1;0;0;1;0;1;
767;1;0;0;1;0;0;1;0;1;
6239;1;0;0;1;0;0;1;0;1;
66644;1;0;0;1;0;0;1;0;1;
50076;1;0;0;1;0;0;1;0;1;
6216;1;0;0;1;0;0;1;0;1;
66444;0;0;0;1;0;0;1;0;1;
49982;0;0;0;1;0;0;1;0;1;
477;0;0;0;1;0;0;1;0;1;
6455;0;0;0;1;0;0;1;0;1;
66503;0;0;0;1;0;0;1;0;1;
49983;0;0;0;1;0;0;1;0;1;
76573;1;2;0;4;0;0;2;0;4;
829;0;0;0;0;0;1;0;0;1;
49985;1;1;0;3;0;0;2;0;3;
6215;1;1;1;4;0;0;3;0;4;
66645;3;2;1;7;0;1;5;0;8;
66485;3;1;1;6;0;0;5;0;6;
828;0;0;0;0;0;1;0;0;1;
49984;1;1;0;3;0;0;2;0;3;
478;0;1;0;1;0;0;0;0;1 ;
723;1;1;0;3;0;0;2;0;3;
724;1;0;0;1;0;0;1;0;1;
1015;0;0;0;1;0;0;1;0;1;
1061;1;0;1;3;0;0;3;0;3;
6217;2;0;1;4;0;0;4;0;4;
13790;4;0;1;6;0;0;6;0;6;
7297;0;0;0;0;1;0;0;0;1;
83919;0;0;0;0;1;0;0;0;1;
80733;1;2;1;4;0;0;2;0;4;
66882;0;2;0;2;0;0;0;0;2;
5697;0;2;0;2;0;0;0;0;2;
87947;0;0;0;0;2;0;0;0;2;
87948;0;0;0;0;1;0;0;0;1;
87949;0;0;0;0;1;0;0;0;1;
87950;0;0;0;0;1;0;0;0;1;
47454;0;1;0;1;0;0;0;0;1;
6730;0;0;0;0;0;1;0;0;1;
88648;1;0;1;2;0;0;2;0;2;
9769;0;0;0;0;2;0;0;0;2;
9768;0;0;0;0;2;0;0;0;2;
49981;0;2;0;3;0;0;1;0;3;
14501;0;2;0;3;0;0;1;0;3;
89851;0;0;0;0;2;0;0;0;2;
89854;0;0;0;0;2;0;0;0;2;
89304;0;1;0;2;0;0;1;0;2;
84060;1;0;1;3;0;0;3;0;3;
44129;0;0;0;0;2;0;0;0;2;
44130;0;0;0;0;2;0;0;0;2;
63000;0;0;0;0;2;0;0;0;2;
63001;0;0;0;0;2;0;0;0;2;
63002;0;0;0;0;2;0;0;0;2;
73409;2;0;0;3;0;0;3;0;3;
10945;0;0;0;0;1;0;0;0;1;
13695;0;0;0;0;1;0;0;0;1;
44127;0;0;0;0;1;0;0;0;1;
19502;0;0;0;0;1;0;0;0;1;
70910;0;0;0;0;1;0;0;0;1;
9359;0;0;0;0;1;0;0;0;1;
10944;0;0;0;0;1;0;0;0;1;
9473;0;0;0;0;1;0;0;0;1;
9452;0;1;0;1;0;0;0;0;1;
44131;0;1;0;1;0;0;0;0;1;
15541;0;0;0;0;2;0;0;0;2;
7422;1;0;0;1;0;0;1;0;1;
19090;1;0;1;3;2;0;3;0;5;
50391;1;1;0;2;0;0;1;0;2;
19182;1;0;0;2;0;0;2;0;2;
18100;1;0;0;2;0;0;2;0;2;
75212;0;1;0;1;0;0;0;0;1;
70887;0;1;0;1;0;0;0;0;1;
44256;4;0;0;5;0;0;5;0;5;
78478;0;0;0;0;2;0;0;0;2;
78479;0;0;0;0;1;0;0;0;1;
78480;0;0;0;0;1;0;0;0;1;
78481;0;0;0;0;1;0;0;0;1;
4248;0;0;0;0;0;1;0;0;1;
10922;1;2;1;5;1;0;3;0;6;
10816;0;0;0;0;1;0;0;0;1;
12912;0;1;0;2;0;0;1;0;2;
43017;0;1;0;2;0;0;1;0;2;
81364;0;1;0;1;0;0;0;0;1;
3975;0;0;0;0;2;0;0;0;2;
4060;0;0;0;0;2;0;0;0;2;
6880;1;0;0;2;0;0;2;0;2;
66760;1;0;1;2;0;0;2;0;2;
80734;1;2;1;4;0;0;2;0;4;
11799;3;0;0;3;0;0;3;0;3;
88894;0;0;0;0;2;0;0;0;2;
2005;1;0;1;3;0;0;3;0;3;
1142;1;0;0;1;0;0;1;0;1;
6811;1;0;0;1;0;0;1;0;1;
11850;1;0;0;1;0;0;1;0;1;
92835;1;0;0;1;0;0;1;0;1;
76309;0;0;0;0;2;0;0;0;2;
91237;0;0;0;0;2;0;0;0;2;
12642;0;0;0;0;2;0;0;0;2;
13832;0;0;0;0;0;1;0;0;1;
44191;1;0;0;1;0;0;1;0;1;
10295;1;0;0;1;0;0;1;0;1;
42947;0;0;0;0;2;0;0;0;2;
10536;0;0;0;0;1;0;0;0;1;
44192;1;0;0;1;0;0;1;0;1;
11711;1;0;0;1;0;0;1;0;1;
11837;0;0;0;0;2;0;0;0;2;
11876;0;0;0;0;2;0;0;0;2;
11838;0;0;0;0;2;0;0;0;2;
11835;0;0;0;0;2;0;0;0;2;
95134;0;0;0;0;1;0;0;0;1;
95131;0;0;0;0;1;0;0;0;1;
95135;0;0;0;0;1;0;0;0;1;
90227;1;0;0;2;0;0;2;0;2;
89683;1;0;1;3;1;0;3;0;4;
5227;0;0;0;0;2;1;0;0;3;
479;1;0;0;1;0;0;1;0;1;
94604;1;0;0;2;0;0;2;0;2;
16979;3;1;1;6;0;0;5;0;6;
6496;0;0;0;1;0;0;1;0;1;
6495;3;1;1;6;0;0;5;0;6;
9392;0;0;0;0;2;0;0;0;2;
9521;0;0;0;0;2;0;0;0;2;
85486;1;0;0;1;0;0;1;0;1;
9523;0;0;0;0;1;0;0;0;1;
9522;0;0;0;0;1;0;0;0;1;
12683;0;0;0;0;1;0;0;0;1;
10023;0;0;0;0;1;0;0;0;1;
9431;0;0;0;0;1;0;0;0;1 ;
98552;0;0;0;0;2;0;0;0;2;
6497;1;0;0;1;0;0;1;0;1;
1386;0;0;0;0;2;0;0;0;2;
3976;0;0;0;0;2;0;0;0;2;
6309;0;0;0;0;2;0;0;0;2;
6803;0;0;0;0;1;0;0;0;1;
15004;0;0;0;1;0;0;1;0;1;
15002;4;3;1;9;0;0;6;0;9;
20089;0;0;0;1;0;0;1;0;1;
44179;1;2;1;5;0;0;3;0;5;
90391;0;0;0;0;1;0;0;0;1;
19422;1;0;0;1;0;0;1;0;1;
19635;4;0;1;6;0;0;6;0;6;
85542;3;0;0;4;0;0;4;0;4;
96231;0;0;0;0;1;0;0;0;1;
15003;0;0;0;0;2;0;0;0;2;
15006;0;0;0;0;1;0;0;0;1;
15007;0;0;0;0;1;0;0;0;1;
15008;0;0;0;0;1;0;0;0;1;
97956;0;0;0;0;2;0;0;0;2;
97958;0;0;0;0;2;0;0;0;2;
97959;0;0;0;0;2;0;0;0;2;
97960;0;0;0;0;2;0;0;0;2;
43574;0;0;0;0;2;0;0;0;2;
80241;0;0;0;0;1;0;0;0;1;
80240;0;0;0;0;2;0;0;0;2;
80242;0;0;0;0;1;0;0;0;1;
88155;0;0;0;0;2;0;0;0;2;
76333;0;0;0;0;1;0;0;0;1;
76334;0;0;0;0;1;0;0;0;1;
76335;0;0;0;0;1;0;0;0;1;
90408;0;0;0;0;2;0;0;0;2;
70179;0;2;0;2;0;0;0;0;2;
46757;0;2;0;2;0;0;0;0;2;
5784;4;0;1;6;0;0;6;0;6;
11033;1;0;0;1;0;0;1;0;1;
1210;1;0;1;4;1;3;3;1;8;
5346;1;0;1;2;0;0;2;0;2;
3449;0;2;0;2;0;0;0;0;2;
50479;1;2;2;5;0;0;2;1;5;
7519;1;0;1;2;0;1;2;0;3;
6849;1;0;1;2;0;0;2;0;2;
99508;1;0;0;1;0;0;1;0;1;
66863;1;0;0;1;0;0;1;0;1;
6289;1;1;0;3;0;0;2;0;3;
3864;1;0;0;1;0;0;1;0;1;
78097;0;0;0;0;2;0;0;0;2;
132;0;4;0;4;0;0;0;0;4;
60973;0;1;0;1;0;0;0;0;1;
11451;1;1;0;4;0;0;2;1;4;
6732;0;1;0;1;0;0;0;0;1;
73110;1;0;0;2;0;0;2;0;2;
95017;1;0;1;3;0;0;3;0;3;
67747;0;2;0;2;0;0;0;0;2;
50041;0;1;0;1;0;0;0;0;1;
10799;0;1;0;1;0;0;0;0;1;
12922;1;2;0;4;0;0;2;0;4;
19919;1;1;1;3;0;0;2;0;3;
1023;1;1;0;2;0;0;1;0;2;
79787;1;0;0;1;0;0;1;0;1;
10783;0;0;0;0;2;0;0;0;2;
9520;1;0;0;1;2;0;1;0;3;
12200;0;0;0;1;0;0;1;0;1;
43399;0;0;0;1;0;0;1;0;1;
87853;0;0;0;1;0;0;1;0;1;
11357;0;0;0;1;0;0;1;0;1;
10426;0;0;0;1;0;0;1;0;1;
14300;1;0;1;3;0;0;3;0;3;
89223;2;0;0;3;0;0;3;0;3;
87;1;0;0;2;1;0;2;0;3;
51048;1;0;0;2;0;0;2;0;2;
10530;0;0;0;0;1;0;0;0;1;
7461;1;0;0;2;1;0;2;0;3;
77098;1;0;0;2;0;0;2;0;2;
68783;0;0;0;0;1;0;0;0;1;
77094;1;0;1;3;0;0;3;0;3;
91516;0;0;0;1;0;0;1;0;1;
10914;1;0;0;1;0;0;1;0;1;
44190;1;0;0;1;0;0;1;0;1;
14301;1;0;1;3;2;0;3;0;5;
90925;0;0;0;0;1;0;0;0;1;
92789;1;0;0;2;0;0;2;0;2;
7522;1;0;1;3;0;0;3;0;3;
455;0;1;0;2;0;0;1;0;2;
19749;1;1;0;3;0;0;2;0;3;
19748;1;1;0;3;0;0;2;0;3;
456;0;1;0;2;0;0;1;0;2;
78952;1;0;1;3;0;0;3;0;3;
97155;0;0;0;0;1;0;0;0;1;
15808;1;0;0;1;0;0;1;0;1;
13755;0;0;0;0;2;0;0;0;2;
98953;0;0;0;0;1;0;0;0;1;
4879;1;0;1;3;0;0;3;0;3;
4878;1;0;0;1;0;0;1;0;1;
44182;1;0;1;3;0;0;3;0;3;
44176;1;0;0;1;0;0;1;0;1;
44177;1;0;0;1;0;0;1;0;1;
6199;1;0;0;1;0;0;1;0;1;
26616;0;2;0;2;0;0;0;0;2;
76835;0;2;0;2;0;0;0;0;2;
5375;1;0;1;3;2;0;3;0;5;
1588;1;0;0;2;1;0;2;0;3;
77751;1;0;0;1;0;0;1;0;1;
79102;0;0;0;1;0;0;1;0;1;
84555;1;0;0;1;0;0;1;0;1;
10382;1;0;1;3;1;0;3;0;4;
62738;1;0;0;2;0;0;2;0;2;
80273;1;0;0;2;0;0;2;0;2;
1020;1;0;1;2;0;0;2;0;2;
31520;NA;NA;NA;NA;NA;NA;NA;NA;NA;
98701;1;0;0;1;0;0;1;0;1;
93094;0;0;0;0;1;0;0;0;1;
15953;0;2;0;2;0;0;0;0;2;
94565;2;0;0;3;0;0;3;0;3;
2015;1;0;0;1;0;0;1;0;1;
97730;0;0;0;1;0;0;1;0;1;
96456;1;0;0;1;0;0;1;0;1;
12183;1;0;2;4;2;1;3;1;7;
50417;0;0;0;0;0;1;0;0;1;
68683;0;0;0;0;1;0;0;0;1;
76041;0;0;0;0;1;0;0;0;1;
50425;0;0;0;0;1;0;0;0;1;
76538;0;0;0;0;1;0;0;0;1;
50488;0;0;0;0;0;1;0;0;1;
9119;0;0;0;0;0;1;0;0;1;
6179;0;0;0;0;2;0;0;0;2;
82606;0;0;0;0;1;0;0;0;1;
8426;0;0;0;0;1;0;0;0;1;
3137;0;0;0;0;1;0;0;0;1;
5012;0;0;0;0;0;0;0;0;0;
7458;0;0;0;0;1;0;0;0;1;
13110;0;0;0;0;0;0;0;0;0;
87211;0;0;0;0;2;0;0;0;2;
7165;0;0;0;0;0;1;0;0;1;
79745;0;0;0;0;1;0;0;0;1;
7058;0;1;0;0;2;1;0;0;8;
46027;0;0;0;0;0;0;0;0;0;
44854;0;0;0;0;0;0;0;0;2;
79744;0;0;0;0;0;0;0;0;0;
4681;0;2;0;2;0;0;0;0;2;
5882;1;0;1;3;0;0;3;0;3;
4864;1;0;1;3;0;0;3;0;3;
4866;1;0;0;1;0;0;1;0;1;
5113;0;1;0;1;0;0;0;0;1;
14405;0;2;0;2;0;0;0;0;2;
44180;1;0;1;3;0;0;3;0;3;
44181;1;0;0;1;0;0;1;0;1;
42865;0;1;0;1;0;0;0;0;1;
4155;0;1;0;2;0;0;1;0;2;
5335;0;0;0;1;0;0;1;0;1;
10191;1;2;0;4;2;0;2;0;6;
7343;0;0;0;1;2;0;1;0;3;
2801;0;0;0;0;2;0;0;0;2;
5562;1;2;0;4;2;0;2;0;6;
1581;0;0;0;0;1;0;0;0;1;
4598;2;2;0;5;2;0;3;0;7;
5446;2;0;0;2;0;0;2;0;2;
1582;0;0;0;0;1;0;0;0;1;
5445;1;0;0;1;0;0;1;0;1;
82409;0;0;0;0;2;0;0;0;2;
96613;1;0;0;1;0;0;1;0;1;
87355;1;0;0;1;0;0;1;0;1;
2956;1;0;0;1;0;0;1;0;1;
44138;4;0;0;4;0;0;4;0;4;
48133;1;0;0;1;0;0;1;0;1;
61193;1;0;1;3;0;0;3;0;3;
1993;1;0;1;3;2;0;3;0;5;
1547;0;1;0;2;0;0;1;0;2;
91638;1;0;1;2;0;0;2;0;2;
65746;0;0;0;0;1;0;0;0;1;
11147;1;1;1;4;0;0;2;1;4;
5033;1;1;1;4;0;0;3;0;4 ;
91235;0;0;0;0;1;0;0;0;1;
91236;0;0;0;0;1;0;0;0;1;
64826;0;2;0;2;0;0;0;0;2;
1827;1;1;1;4;0;0;3;0;4;
10920;1;0;1;3;0;0;3;0;3;
10815;0;0;0;0;2;0;0;0;2;
10786;0;0;0;0;2;0;0;0;2;
10787;0;0;0;0;2;0;0;0;2;
4156;2;0;0;2;0;0;2;0;2;
3466;1;0;1;2;0;0;2;0;2;
93839;1;0;0;1;0;0;1;0;1;
13676;0;1;0;2;0;0;1;0;2;
10168;0;0;0;1;0;0;1;0;1;
10785;0;0;0;0;2;0;0;0;2;
100302;0;1;0;2;0;0;1;0;2
10784;0;0;0;0;1;0;0;0;1;
10761;0;0;0;0;2;0;0;0;2;
11622;0;0;0;0;2;0;0;0;2;
11621;0;0;0;0;1;0;0;0;1;
90885;0;0;0;1;0;0;1;0;1;
10000;0;1;0;2;0;1;1;0;3;
10224;0;0;0;1;0;0;1;0;1;
10166;0;0;0;1;0;0;1;0;1;
10165;0;0;0;1;0;0;1;0;1;
10167;0;1;0;2;0;0;1;0;2;
16467;0;0;0;1;0;0;1;0;1;
43757;0;0;0;1;0;0;1;0;1;
15877;0;0;0;1;0;0;1;0;1;
17248;0;0;0;1;0;0;1;0;1;
50578;0;1;0;2;0;0;1;0;2;
50225;0;1;0;2;0;0;1;0;2;
20102;0;0;0;1;0;0;1;0;1;
94814;0;1;0;2;0;0;1;0;2;
5653;1;0;0;1;0;0;1;0;1;
3279;1;0;0;1;0;0;1;0;1;
968;1;0;0;1;0;0;1;0;1;
3563;1;0;0;2;0;0;2;0;2;
20101;4;0;1;6;0;0;6;0;6;
2029;1;0;1;3;0;0;3;0;3;
1138;0;0;0;0;2;0;0;0;2;
19288;1;0;0;1;0;0;1;0;1;
5449;1;0;1;3;2;0;3;0;5;
73493;0;0;0;0;0;0;0;0;0;
82282;1;0;0;1;0;0;1;0;1;
6162;1;0;0;1;0;0;1;0;1;
11582;0;1;0;1;0;0;0;0;1;
13292;1;1;0;3;0;0;2;0;3;
1617;1;2;0;4;0;0;2;0;4;
9885;0;0;0;0;0;1;0;0;1;
6639;0;0;0;0;0;0;0;0;0;
61025;1;0;0;1;0;0;1;0;1;
10851;1;0;1;2;0;0;2;0;2;
3269;0;0;0;0;2;0;0;0;2;
83017;0;0;0;0;1;0;0;0;1;
67118;1;2;2;5;0;0;2;1;5;
91617;0;1;0;2;0;0;1;0;2;
11089;0;1;0;2;0;0;1;0;2;
5191;0;0;0;0;2;0;0;0;2;
6403;0;0;0;0;2;0;0;0;2;
5141;0;0;0;0;2;0;0;0;2;
10221;0;0;0;0;0;1;0;0;1;
753;0;0;0;0;2;0;0;0;2;
4808;1;2;0;4;0;0;2;0;4;
738;0;0;0;0;1;0;0;0;1;
2794;0;0;0;0;1;0;0;0;1;
2026;0;2;0;2;0;0;0;0;2;
11289;1;0;0;2;0;0;2;0;2;
2518;1;0;0;1;0;0;1;0;1;
3393;1;1;0;3;0;1;2;0;4;
4088;0;0;0;0;1;0;0;0;1;
2587;0;0;0;0;2;0;0;0;2;
5211;1;2;0;4;0;0;2;0;4;
10381;0;0;0;0;1;0;0;0;1;
10921;0;0;0;0;1;0;0;0;1;
14112;1;2;0;4;0;0;2;0;4;
5967;1;2;0;4;0;0;2;0;4;
98433;1;0;0;1;0;0;1;0;1;
6202;1;0;0;1;0;0;1;0;1;
82187;0;0;0;0;2;0;0;0;2;
78493;1;2;0;4;0;0;2;0;4;
81050;0;0;0;1;0;0;1;0;1;
1565;1;0;0;1;0;0;1;0;1;
13027;1;2;0;4;0;1;2;0;5;
14166;1;2;0;4;0;0;2;0;4;
14164;1;2;1;5;0;0;3;0;5;
11110;1;2;1;5;0;0;3;0;5;
10919;1;0;1;3;0;0;3;0;3;
10969;4;0;1;6;0;0;6;0;6;
5112;1;2;1;5;0;0;3;0;5;
5976;1;1;1;4;0;0;3;0;4;
75435;1;2;1;5;0;0;3;0;5;
74224;1;2;1;5;0;0;3;0;5;
131;0;2;0;2;0;0;0;0;2  ;
92298;1;2;1;5;0;0;3;0;5;
76874;1;2;1;5;0;0;3;0;5;
436;1;1;1;4;1;0;3;0;5  ;
92270;1;2;0;4;0;0;2;0;4;
7331;0;0;0;1;0;0;1;0;1 ;
3404;1;0;1;3;2;0;3;0;5 ;
4882;0;0;0;0;2;0;0;0;2 ;
12173;1;0;0;1;0;0;1;0;1;
7407;1;0;0;2;1;0;2;0;3 ;
18718;NA;NA;NA;NA;NA;NA;NA;NA;
15809;1;0;0;1;0;0;1;0;1;
7463;1;0;0;1;0;0;1;0;1;
730;0;0;0;0;2;0;0;0;2;
5321;1;2;0;4;0;1;2;0;5;
9358;0;0;0;0;2;0;0;0;2;
4811;1;2;0;4;0;0;2;0;4;
2262;1;0;0;1;0;0;1;0;1;
2192;1;0;0;2;0;0;2;0;2;
63847;1;0;0;2;0;0;2;0;2;
5730;0;1;0;1;0;0;0;0;1;
2169;0;0;0;0;0;0;0;0;4;
2640;0;1;0;0;0;1;0;0;6;
8467;0;0;0;0;0;0;0;0;3;
2120;0;0;0;0;0;1;0;0;5;
8396;0;0;0;0;0;1;0;0;1;
5511;0;0;0;0;0;0;0;0;2;
61875;0;0;0;0;0;0;0;0;0;
12848;0;0;0;0;0;0;0;0;0;
4812;0;0;0;0;0;1;0;0;1;
5166;0;0;0;0;0;1;0;0;1;
81896;0;0;0;0;1;0;0;0;1;
6890;0;0;0;0;0;1;0;0;1;
80933;0;0;0;0;2;0;0;0;2;
80934;0;0;0;0;1;0;0;0;1;
80936;0;0;0;0;1;0;0;0;1;
80937;0;0;0;0;1;0;0;0;1;
73026;1;0;0;2;0;0;2;0;2;
77251;1;0;0;2;0;0;2;0;2;
73256;1;0;1;3;0;0;3;0;3;
78107;0;0;0;1;0;0;1;0;1;
11977;1;0;0;2;0;0;2;0;2;
5662;0;0;0;0;0;1;0;0;1;
14036;1;0;0;1;0;0;1;0;1;
43184;2;0;0;3;0;0;3;0;3;
77319;0;1;0;2;0;0;1;0;2;
82517;0;0;0;1;0;0;1;0;1;
69946;0;0;0;0;1;0;0;0;1;
69947;0;0;0;0;1;0;0;0;1;
69948;0;0;0;0;1;0;0;0;1;
4877;1;2;1;5;0;0;3;0;5;
5143;1;2;1;5;0;0;3;0;5;
5657;1;2;1;5;0;0;3;0;5;
66404;0;0;0;0;2;0;0;0;2;
66401;0;0;0;0;2;0;0;0;2;
66402;0;0;0;0;2;0;0;0;2;
66403;0;0;0;0;2;0;0;0;2;
5379;0;0;0;0;1;0;0;0;1;
6308;0;0;0;0;1;0;0;0;1;
61060;0;0;0;0;2;0;0;0;2;
61061;0;0;0;0;2;0;0;0;2;
61062;0;0;0;0;1;0;0;0;1;
43601;1;0;0;1;0;0;1;0;1;
16174;0;0;0;0;1;0;0;0;1;
84909;0;0;0;0;1;0;0;0;1;
92290;0;0;0;0;1;0;0;0;1;
94605;0;0;0;0;2;0;0;0;2;
10777;0;0;0;0;1;0;0;0;1;
14103;1;2;1;5;0;0;3;0;5;
9766;1;4;0;6;0;0;2;0;6;
61018;1;0;0;2;0;0;2;0;2;
13029;2;0;0;3;0;0;3;0;3;
13028;1;0;1;3;0;0;3;0;3;
5320;1;2;0;4;0;0;2;0;4;
5319;1;1;0;3;0;0;2;0;3;
15673;2;2;1;6;0;0;4;0;6;
19260;2;2;1;6;0;0;4;0;6;
75155;1;2;1;5;0;0;3;0;5;
74520;1;0;0;2;0;0;2;0;2;
8287;1;0;0;2;0;0;2;0;2;
76042;1;0;0;2;0;0;2;0;2;
43030;1;0;1;3;0;0;3;0;3;
8085;1;0;1;3;0;0;3;0;3;
5749;1;2;1;5;0;1;3;0;6;
11809;2;2;1;6;0;0;4;0;6;
5194;1;2;1;5;0;0;3;0;5;
10033;1;2;1;5;0;0;3;0;5;
19261;2;1;1;5;0;0;4;0;5;
37346;1;1;1;4;0;1;3;0;5;
6681;1;1;1;4;0;1;3;0;5;
5193;1;2;1;5;0;1;3;0;6;
76677;1;2;1;5;0;0;3;0;5;
92297;1;2;1;5;0;0;3;0;5;
50418;0;0;0;0;0;1;0;0;1;
6498;2;1;1;5;0;0;4;0;5;
5060;3;0;1;5;0;0;5;0;5;
42858;1;0;1;3;0;0;3;0;3;
10199;1;0;1;3;0;0;3;0;3;
8377;2;1;1;5;0;0;4;0;5;
5977;1;1;1;4;0;0;3;0;4;
6120;2;1;1;5;0;0;4;0;5;
74221;1;2;0;4;0;0;2;0;4;
2892;1;0;0;1;0;0;1;0;1;
5973;0;0;0;0;0;1;0;0;1;
6555;1;0;1;3;0;0;3;0;3;
6273;1;0;0;1;0;0;1;0;1;
1908;1;0;1;3;0;0;3;0;3;
9225;1;0;1;3;0;0;3;0;3;
5564;4;0;1;6;0;0;6;0;6;
42862;1;0;1;3;0;0;3;0;3;
19745;1;0;0;2;0;0;2;0;2;
1594;1;0;1;3;0;0;3;0;3;
42856;1;0;0;2;0;0;2;0;2;
82552;1;0;0;2;0;0;2;0;2;
6560;1;0;0;2;0;0;2;0;2;
9227;0;1;0;1;0;0;0;0;1;
9226;0;1;0;1;0;0;0;0;1;
1680;0;1;0;2;0;0;1;0;2;
2877;0;0;0;1;0;0;1;0;1;
9228;0;1;0;1;0;0;0;0;1;
10072;0;0;0;0;1;0;0;0;1;
11867;0;0;0;0;1;0;0;0;1;
12174;0;0;0;0;1;0;0;0;1;
76702;0;1;0;2;0;0;1;0;2;
1928;1;2;0;4;0;0;2;0;4;
4395;1;0;1;4;2;1;3;1;7;
8084;1;0;1;3;0;0;3;0;3;
12796;1;0;1;3;0;0;3;0;3
76207;1;2;0;4;0;0;2;0;4
75249;1;0;1;3;0;0;3;0;3
9404;0;1;0;1;0;0;0;0;1;
6213;0;1;0;1;0;0;0;0;1;
85753;0;2;0;3;0;0;1;0;3;
8288;1;0;0;2;1;0;2;0;3;
4911;1;0;0;2;1;0;2;0;3;
8289;4;0;1;6;2;0;6;0;8;
1325;1;0;0;1;1;0;1;0;2;
15940;0;1;0;1;0;0;0;0;1;
44200;0;2;0;3;0;0;1;0;3;
18630;0;2;0;3;0;0;1;0;3;
85640;0;2;0;3;0;0;1;0;3;
1859;1;0;1;3;0;0;3;0;3;
14339;0;1;0;1;0;0;0;0;1;
78607;2;0;1;4;0;0;4;0;4;
12577;1;0;1;3;0;0;3;0;3;
2089;1;0;1;3;0;0;3;0;3;
827;1;0;1;3;2;1;2;1;6;
1135;4;0;1;6;2;0;6;0;8;
19093;1;0;1;3;0;0;3;0;3;
5114;1;0;1;3;0;0;3;0;3;
79114;1;2;0;4;0;0;2;0;4;
88275;1;1;0;3;0;0;2;0;3;
81835;0;2;0;3;0;0;1;0;3;
1211;0;0;0;1;0;0;1;0;1;
22007;0;0;0;1;0;0;1;0;1;
9372;0;0;0;1;0;0;1;0;1;
233;1;0;0;1;0;0;1;0;1;
5237;0;0;0;0;2;0;0;0;5;
75022;1;0;0;1;0;0;1;0;1;
19753;1;0;0;1;0;0;1;0;1;
5144;1;0;0;2;0;0;2;0;2;
439;0;1;0;2;0;0;1;0;2;
10510;0;0;0;0;2;0;0;0;2;
11825;1;0;0;2;0;0;2;0;2;
10838;1;1;0;4;0;0;2;1;4;
44205;0;2;0;3;0;0;1;0;3;
86526;0;2;0;3;0;0;1;0;3;
86527;0;2;0;3;0;0;1;0;3;
10797;0;1;0;1;0;0;0;0;1;
63636;1;0;0;2;0;0;2;0;2;
3831;0;1;0;1;0;0;0;0;1;
2126;1;0;0;2;0;0;2;0;2;
6489;0;0;0;1;0;0;1;0;1;
12228;0;1;0;1;0;0;0;0;1;
10207;0;1;0;1;0;0;0;0;1;
15810;0;1;0;1;0;0;0;0;1;
13556;0;1;0;1;0;0;0;0;1;
6493;0;1;0;1;0;0;0;0;1;
6494;0;1;0;1;0;0;0;0;1;
11710;0;0;0;1;0;0;1;0;1;
6487;0;0;0;1;0;0;1;0;1;
6490;0;0;0;1;0;0;1;0;1;
6491;0;0;0;1;0;0;1;0;1;
6492;0;0;0;1;0;0;1;0;1;
9304;0;0;0;1;0;0;1;0;1;
10763;0;0;0;1;0;0;1;0;1;
12935;1;0;0;1;0;0;1;0;1;
9303;1;0;0;1;0;0;1;0;1;
9871;1;0;0;1;0;0;1;0;1;
8267;1;0;0;1;0;0;1;0;1;
66862;0;1;0;1;0;0;0;0;1;
43447;4;0;0;5;0;0;5;0;5;
8557;0;1;0;1;0;0;0;0;1;
3568;1;0;0;3;2;1;2;1;6;
2230;0;0;0;0;0;1;0;0;1;
69819;1;0;1;3;0;0;3;0;3;
75694;1;0;1;3;2;0;3;0;5;
30580;0;1;0;1;0;0;0;0;1;
26370;0;1;0;1;0;0;0;0;1;
62607;1;0;0;2;0;0;2;0;2;
2181;1;1;2;5;0;0;3;1;5;
87883;0;0;0;1;0;0;1;0;1;
63638;1;0;0;3;0;0;2;1;3;
2388;0;0;0;1;0;0;1;0;1;
5892;0;2;0;2;0;0;0;0;2;
82299;0;0;0;0;2;0;0;0;2;
4800;0;0;0;0;2;0;0;0;2;
4989;0;0;0;0;2;0;0;0;2;
81673;1;0;0;1;0;0;1;0;1;
92703;0;0;0;0;1;0;0;0;1;
92704;0;0;0;0;1;0;0;0;1;
92705;0;0;0;0;1;0;0;0;1;
66815;0;2;0;3;0;0;0;1;3;
1785;0;1;0;1;0;0;0;0;1;
50040;0;1;0;1;0;0;0;0;1;
66793;0;0;0;0;0;1;0;0;1;
11295;NA;NA;NA;NA;NA;NA;NA;NA;NA;
15910;1;0;0;1;0;0;1;0;1;
7423;1;0;0;1;0;0;1;0;1;
2916;4;0;0;4;0;0;4;0;4;
50480;1;2;2;5;0;0;2;1;5;
9783;0;0;0;0;2;0;0;0;2;
9799;0;0;0;0;2;0;0;0;2;
1970;1;0;0;2;0;0;2;0;2;
49562;0;1;0;1;0;0;0;0;1;
60763;0;1;0;1;0;0;0;0;1;
3295;1;0;0;1;0;0;1;0;1;
1612;1;0;1;3;0;0;3;0;3;
2782;1;0;1;3;1;0;3;0;4;
1206;1;0;1;3;1;0;3;0;4;
1766;1;0;1;3;2;0;3;0;5;
12797;1;0;2;4;2;0;3;1;6;
80189;1;0;0;1;0;0;1;0;1;
80159;3;0;0;4;0;0;4;0;4;
88295;0;0;0;0;1;0;0;0;1;
88296;0;0;0;0;1;0;0;0;1;
12921;3;1;1;6;0;0;5;0;6;
676;1;1;1;4;0;0;3;0;4;
133;1;4;1;7;0;0;3;0;7;
26467;0;0;0;0;1;0;0;0;1;
10817;1;0;0;1;0;0;1;0;1;
4890;0;1;0;1;0;0;0;0;1;
5146;0;1;0;1;0;0;0;0;1;
44178;0;0;0;0;0;1;0;0;1;
44201;0;0;0;1;0;0;1;0;1;
4865;0;1;0;1;0;0;0;0;1;
5145;0;0;0;1;0;0;1;0;1;
6058;0;0;0;1;0;0;1;0;1;
44203;0;0;0;1;0;0;1;0;1;
44175;0;1;0;1;0;0;0;0;1;
5142;0;1;0;1;0;0;0;0;1;
44202;0;1;0;1;0;0;0;0;1;
4082;0;0;0;1;0;0;1;0;1;
79818;1;0;0;1;0;0;1;0;1;
78362;1;0;0;1;0;0;1;0;1;
11525;0;1;0;2;0;0;1;0;2;
11533;0;1;0;2;0;0;1;0;2;
11543;0;1;0;2;0;0;1;0;2;
18726;0;1;0;1;0;0;0;0;1;
40360;0;0;0;1;0;0;1;0;1;
11419;1;2;0;4;0;0;2;0;4;
3127;1;0;1;3;0;0;3;0;3;
76574;0;2;0;2;0;0;0;0;2;
4394;1;0;1;3;0;0;3;0;3;
5698;1;0;0;1;0;0;1;0;1;
7178;1;0;0;2;0;0;2;0;2;
2194;3;2;1;7;0;0;5;0;7;
5692;1;1;1;4;0;0;3;0;4;
23683;1;0;0;2;0;0;2;0;2;
3773;1;0;2;4;1;0;3;1;5;
3830;1;0;2;4;1;0;3;1;5;
47385;1;0;0;2;0;0;2;0;2;
5649;1;0;1;3;0;0;3;0;3;
98142;0;2;0;2;0;0;0;0;2;
1869;1;0;1;3;0;0;3;0;3;
2001;1;0;1;3;0;0;3;0;3;
11061;0;0;0;0;0;1;0;0;1;
1143;1;0;1;3;0;0;3;0;3;
1613;1;0;1;3;0;0;3;0;3;
5341;1;0;1;2;0;0;2;0;2;
87671;1;1;1;4;0;0;3;0;4;
1515;1;0;2;4;0;0;3;1;4;
2004;1;0;2;4;0;0;3;1;4;
4215;1;1;0;3;0;0;2;0;3;
1632;1;1;0;3;0;0;2;0;3;
2356;1;0;0;1;0;0;1;0;1;
1670;0;2;0;2;0;0;0;0;2;
1991;0;2;0;2;0;0;0;0;2;
5566;0;1;0;1;0;0;0;0;1;
87673;0;2;0;2;0;0;0;0;2;
19091;0;2;0;2;0;0;0;0;2;
4769;1;0;1;3;0;0;3;0;3;
20103;1;0;0;1;0;0;1;0;1;
8101;1;0;1;3;0;0;3;0;3;
3357;0;1;0;1;0;0;0;0;1;
10956;1;0;0;1;0;0;1;0;1;
2034;1;0;0;1;0;0;1;0;1;
14165;1;0;1;3;0;0;3;0;3;
5125;1;0;0;2;0;0;2;0;2;
7337;0;0;0;1;0;0;1;0;1;
20106;0;0;0;1;0;0;1;0;1;
18365;0;0;0;1;0;0;1;0;1;
3670;0;2;0;2;0;0;0;0;2 ;
92107;0;0;0;1;0;0;1;0;1;
90565;0;1;0;2;0;0;1;0;2;
10300;0;0;0;0;2;0;0;0;2;
43400;1;0;0;1;0;0;1;0;1;
8970;1;0;0;1;0;0;1;0;1;
88907;0;0;0;0;2;0;0;0;2;
71007;2;1;1;5;0;0;4;0;5;
71008;2;1;1;5;0;0;4;0;5;
71006;2;1;1;5;0;0;4;0;5;
10574;2;2;1;6;0;0;4;0;6;
13989;2;2;1;6;0;0;4;0;6;
6326;2;2;1;6;0;0;4;0;6;
4089;1;1;1;4;0;2;3;0;6;
4767;1;1;1;4;0;1;3;0;5;
10022;0;0;0;0;0;2;0;0;2;
90585;0;0;0;0;0;2;0;0;2;
76572;1;2;1;5;0;0;3;0;5;
9767;1;1;0;3;0;0;2;0;3;
91922;1;2;1;5;0;0;3;0;5;
14333;1;1;1;4;0;0;3;0;4;
18789;2;0;0;2;0;0;2;0;2;
11899;1;1;1;4;0;0;3;0;4;
11588;0;2;0;2;0;0;0;0;2;
8326;2;0;0;2;0;0;2;0;2;
8556;1;1;1;4;0;0;3;0;4;
94544;0;0;0;0;2;0;0;0;2;
74223;1;2;1;5;0;0;3;0;5;
76672;1;2;1;5;0;0;3;0;5;
8104;1;2;1;5;0;0;3;0;5;
4810;1;2;1;5;0;0;3;0;5;
13751;1;2;1;5;0;1;3;0;6;
74222;1;2;1;5;0;0;3;0;5;
78503;1;2;1;5;0;0;3;0;5;
78886;1;2;1;5;0;0;3;0;5;
1990;1;1;1;4;0;0;3;0;4;
1323;1;1;1;4;0;0;3;0;4;
1321;0;0;0;0;1;0;0;0;1;
16750;1;2;1;5;0;0;3;0;5;
42860;1;0;0;2;0;0;2;0;2;
6514;4;0;0;5;0;0;5;0;5;
60798;1;0;0;2;0;0;2;0;2;
7296;1;0;1;3;0;0;3;0;3;
681;1;0;0;2;0;0;2;0;2;
13750;1;4;1;7;0;1;3;0;8;
14102;1;2;1;5;0;0;3;0;5;
14167;1;2;1;5;0;0;3;0;5;
24755;1;2;1;5;0;0;3;0;5;
61655;1;2;1;5;0;0;3;0;5;
46971;1;0;0;2;0;0;2;0;2;
13664;4;0;0;5;0;0;5;0;5;
66162;0;0;0;1;0;0;1;0;1;
92935;0;0;0;1;0;0;1;0;1;
80986;0;0;0;1;0;0;1;0;1;
92021;1;0;1;2;0;0;2;0;2;
94859;1;0;0;3;0;0;2;1;3;
97262;0;0;0;1;0;0;1;0;1;
83479;1;0;0;2;0;0;2;0;2;
99290;0;0;0;0;0;0;0;0;0;
6528;0;0;0;0;1;0;0;0;1;
5355;0;0;0;0;1;0;0;0;1;
5700;0;0;0;0;2;0;0;0;2;
6728;0;0;0;0;1;0;0;0;1;
43983;0;0;0;0;2;0;0;0;2;
43988;0;0;0;0;2;0;0;0;2;
7637;0;0;0;0;1;0;0;0;1;
7138;0;0;0;0;1;0;0;0;1;
43985;0;0;0;0;2;0;0;0;2;
43986;0;0;0;0;0;1;0;0;1;
13404;NA;NA;NA;NA;NA;NA;NA;NA;NA;
43987;0;0;0;0;0;0;0;0;0;
6791;0;0;0;0;0;0;0;0;0;
6778;0;0;0;0;1;0;0;0;1;
43984;0;0;0;0;1;0;0;0;1;
6846;1;0;0;1;0;0;1;0;1;
43991;1;0;0;1;0;0;1;0;1;
8072;0;0;0;0;0;0;0;0;0;
6876;0;0;0;1;0;0;1;0;1;
43989;0;0;0;1;0;0;1;0;1;
42854;1;0;0;2;0;0;2;0;2;
11973;1;0;0;2;0;0;2;0;2;
1616;1;0;0;1;0;0;1;0;1;
2006;1;0;0;1;0;0;1;0;1;
1226;0;0;0;0;0;1;0;0;1;
2720;1;0;1;3;0;0;3;0;3;
43982;1;0;0;2;0;0;2;0;2;
6499;1;0;0;2;0;0;2;0;2;
99174;1;0;1;3;0;0;3;0;3;
99475;1;0;1;3;0;0;3;0;3;
99240;1;0;1;3;0;0;3;0;3;
149;1;1;0;3;0;0;2;0;3;
65694;1;1;0;3;0;0;2;0;3;
596;1;0;0;2;0;0;2;0;2;
4115;1;1;0;3;0;0;2;0;3;
625;1;0;0;2;0;0;2;0;2;
6143;0;0;0;1;0;0;1;0;1;
148;0;2;0;3;0;1;1;0;4;
120;1;0;0;2;0;0;2;0;2;
123;0;0;0;0;2;0;0;0;2;
121;0;2;0;3;0;0;1;0;3;
122;0;0;0;0;1;0;0;0;1;
12222;0;0;0;0;2;0;0;0;2;
9706;1;0;0;2;0;0;2;0;2;
96130;1;1;0;2;0;0;1;0;2;
9705;1;1;0;3;0;0;2;0;3;
80999;0;2;0;3;0;0;1;0;3;
62606;1;0;0;2;0;0;2;0;2;
80624;0;0;0;0;0;0;0;0;0;
65007;0;0;0;0;0;0;0;0;0;
97465;1;0;0;1;0;0;1;0;1;
97466;1;0;0;1;0;0;1;0;1;
92105;0;0;0;0;1;0;0;0;1;
92174;0;0;0;0;1;0;0;0;1;
92175;0;0;0;0;1;0;0;0;1;
92176;0;0;0;0;1;0;0;0;1;
89361;1;0;1;3;0;0;3;0;3;
5148;1;0;1;3;0;0;3;0;3;
63934;1;0;1;3;0;0;3;0;3;
85447;0;0;0;1;0;0;1;0;1;
88682;0;0;0;1;0;0;1;0;1;
91834;1;0;1;3;0;0;3;0;3;
83913;0;0;0;0;1;0;0;0;1;
83914;0;0;0;0;1;0;0;0;1;
80599;0;0;0;0;1;0;0;0;1;
80598;0;0;0;0;1;0;0;0;1;
91568;0;0;0;0;2;0;0;0;2;
91569;0;0;0;0;2;0;0;0;2;
14576;0;0;0;0;2;0;0;0;2;
14575;0;0;0;0;2;0;0;0;2;
14115;1;0;0;2;0;0;2;0;2;
10843;0;0;0;0;0;1;0;0;1;
8614;0;1;0;1;0;0;0;0;1;
16464;0;0;0;0;1;0;0;0;1;
43165;0;1;0;2;0;0;1;0;2;
89205;1;0;1;2;0;0;2;0;2;
11003;1;0;1;2;0;0;2;0;2;
12799;1;0;1;2;0;0;2;0;2;
83279;1;0;0;1;0;0;1;0;1;
99066;1;0;0;1;0;0;1;0;1;
65048;0;0;0;0;1;0;0;0;1;
65049;0;0;0;0;1;0;0;0;1;
65050;0;0;0;0;1;0;0;0;1;
65051;0;0;0;0;2;0;0;0;2;
11014;0;1;0;2;0;0;1;0;2;
19747;1;0;0;2;0;0;2;0;2;
9818;0;2;0;2;0;0;0;0;2;
3083;0;0;0;0;1;0;0;0;1;
5038;0;0;0;0;0;1;0;0;1;
87330;1;0;0;1;0;0;1;0;1;

